a31445a6323aa2ad246ff2e09fadb06a27e6b2dd,src/main/java,src/test/java
3ef691ca874c0967b18a73db45cdc2c86f45c701,src/main/java,src/test/java
a1bb6f2dcb82eb9f880f87c480d6086a8e0bee34,src/main/java,src/test/java
88f44d87d4c2251d7cf55d9aa9c3452a397ae19b,src/main/java,src/test/java
4ec01ea0f00d06f41e0c3b0fc75ff0c9fe6380bd,src/main/java,src/test/java
37cf6f243424570e39b5f65280ca673089e55945,src/main/java,src/test/java
f339b5c62d6012efe74ee3997cafeaba79e7a7a1,src/main/java,src/test/java
2a0d13639a5d605121885f5bf28e880e7bb0a66a,src/main/java,src/test/java
01797b0794ac384f5f5ef49cc0cfab8347ae7930,src/main/java,src/test/java
9c5fec2302237ede0e797c13c0663a6bb52c798c,src/main/java,src/test/java
fd9b65dc45657bb7cd236df5396b901f36469c76,src/main/java,src/test/java
fa1d99255915f21c868f28307fd6e3adb2029ea0,src/main/java,src/test/java
4d532801d3d552c7522888efb61e42f0fa167715,src/main/java,src/test/java
9e080e298d8c0cfd7d77a56eb93d85a5da322555,src/main/java,src/test/java
64a27bc8e5fd38a48c0c70eddf864542f7198acb,src/main/java,src/test/java
fd0f1fefdc19593a040b3dce857715d613cb6458,src/main/java,src/test/java
372598ef425904a335b9b56b21ffb28e309248b1,src/main/java,src/test/java
3a1cff29c844632ba640fe1718e680829ae147b1,src/main/java,src/test/java
a4849c115f097ad8304b385a279871a4d44a9f16,src/main/java,src/test/java
5e799a2e2265cbb6a056b37b50f82cc1eebf1d45,src/main/java,src/test/java
bfbb661eb1bddb11297eb5fa9cf12e523fdc3ae2,src/main/java,src/test/java
c28f74c3cc6eb190a7e185939a93d978d306368d,src/main/java,src/test/java
2fd20c55cf0fcfc677cf13cf6744be98dcd26a40,src/main/java,src/test/java
7471116f2457073ccb895a0eb452591b71c043e4,src/main/java,src/test/java
bcccd3e82241db25a2f34ed655dab88395089f39,src/main/java,src/test/java
98f2090b54a6af320cea93100df2502480a4924e,src/main/java,src/test/java
23328aaf23bcd86d4f2e3a660bd826bd4412b8f7,src/main/java,src/test/java
35ec0dd8cec9bde072faf50502d43535898e248c,src/main/java,src/test/java
a399c540e540ac616fd3c19a8e46ce065ef71f8c,src/main/java,src/test/java
3b041e3bad5968ade7f7519daeef6695a8f6b7f9,src/main/java,src/test/java
ae101c63bc8c74466fc137b766faa8793c1e1f10,src/main/java,src/test/java
00bb11edc3581f42e1f3c78a047538c8ea9eb0d9,src/main/java,src/test/java
6262dd76625e16d10ee45bc90ae76b02101cd65a,src/main/java,src/test/java
466f706901d39ae95393c6c7b1d0b544247922f1,src/main/java,src/test/java
66e8ac6372bc670d98e9dc74f06ef6faef97032c,src/main/java,src/test/java
66bfe6658e6c25e03d1bcd5d4d858e1aaf738a01,src/main/java,src/test/java
36d9b59eb1b74442abeea856dca61ebe8bc7b3a5,src/main/java,src/test/java
1d57c20dfd79c64837cf1ec357ab402f2158227e,src/main/java,src/test/java
48617c885ec1c2563458d5d66ed637a4972dc1cc,src/main/java,src/test/java
ec1820d591bbb51edb96942444d1806e2b86bc12,src/main/java,src/test/java
50ea0838d9251240e8dd814c682059ef85b4d0cc,src/main/java,src/test/java
59af571c64a169eccd670337f097ff4be44a2262,src/main/java,src/test/java
0ec81c07bc4be13e1382f7191981ed3f0bf9ef39,src/main/java,src/test/java
817a45a07040297a5db45dd04e79b010146b7e0d,src/main/java,src/test/java
fa1c2ff7eefd68061ae0cc3f630e87d16d1b2bb5,src/main/java,src/test/java
119ddc9701c94ac184362166742ceaa7437eec8f,src/main/java,src/test/java
6dcb13f70fb1c68b0c055bfb1dae2b296ae67b03,src/main/java,src/test/java
db612bb3839581d0a88297667880cad548c018b1,src/main/java,src/test/java
b02bf06bcd18713092215d63b1bee2f29067f88f,src/main/java,src/test/java
757776662cc3a024febbcbfeff180e6283f7416a,src/main/java,src/test/java
c5a5f53185d5736544625d5361e8c7e9ab9b2adb,src/main/java,src/test/java
7db1f44069bbcac9d884d829f8052a89b5ec271b,src/main/java,src/test/java
a143c05db7a911f98f8bf59beb13cfcb7689395d,src/main/java,src/test/java
48a21be49caecafce6c72f8eb761d1699d3a4254,src/main/java,src/test/java
23e52abadba061ba26859a72dcf6a1caae2c72a8,src/main/java,src/test/java
de1376e85e247f7e4b185183b6433721dec172bc,src/main/java,src/test/java
2abf5a321405a82ed4e0d3a7c876c82bb05188f9,src/main/java,src/test/java
1a24cc1755d787a576c32157a38e441cfe839964,src/main/java,src/test/java
354e1390bc397ef048ffd5d905b0709a3a2585ef,src/main/java,src/test/java
ea2c9a46bf2a98eb2f1af04fad65016f4648a8de,src/main/java,src/test/java
6456a9ac0bee09e2ae45ae56739102a8071f217a,src/main/java,src/test/java
1af020bbaf30c1643f773475343382f22b9c2a86,src/main/java,src/test/java
aae4082c227accb5f83667c824e890ad0776cf7a,src/main/java,src/test/java
44dea1f292933192ea5287d9b3e14a7daaef3c0f,src/main/java,src/test/java
707db7a972e2d088647450f9a890c438fb735933,src/main/java,src/test/java
332532aed6f07944458dc5fcabbdf812900eb30e,src/main/java,src/test/java
c89a98af57bda92ce5d1884381f008200b174d31,src/main/java,src/test/java
80c1bbb7f93b6ec3c79c4ae3f72dbeec5dff62fc,src/main/java,src/test/java
a92e2be0ccbe6732e1fef39bf48b0f9dcc559fd6,src/main/java,src/test/java
19b897cc8ed0c48995f1aff18ceb32fa8af81c6f,src/main/java,src/test/java
6172d7561007a941b01f960dd44d94a92f3ad763,src/main/java,src/test/java
726b6e0aff29b38067bdb8e6dc2dacbe51400f66,src/main/java,src/test/java
4312a245550d475205c8ec84fc6b5a5a8f717989,src/main/java,src/test/java
ce044860842a73d29aaef5d6ec8591bc6abd425c,src/main/java,src/test/java
6e7100128bff0f031cf5ac63acff2ac4d8267775,src/main/java,src/test/java
6c617384110d2ea10b1bc5543f747c177df6dc8f,src/main/java,src/test/java
b4ef0a65150a7311ebb9119b1ac6898e33dc0baf,src/main/java,src/test/java
9917c94d94a285ece80e6c9f3d2b9fba06d98fd7,src/main/java,src/test/java
eda66cc8173c8e359d68a07bbc8adbbef5f8e7f6,src/main/java,src/test/java
2ea6e402d4cf86c3f7e9a16e667a40bab61cf11c,src/main/java,src/test/java
3536975b7eb9b43f28e72ca43baa85bfd432becf,src/main/java,src/test/java
1fb5eb82172887d87105b045b1d73760bf6a3cc2,src/main/java,src/test/java
a7b26ebf2983432b64c120fcf09b4d294748e081,src/main/java,src/test/java
518392291f1d718d1a84dbbd57520a2d050d475a,src/main/java,src/test/java
af2241c77e8b27bae194dd1976799ec8883352f7,src/main/java,src/test/java
d485ea7da49ed949c81f23513d01d67e170d2a1b,src/main/java,src/test/java
f2f611e701c63c8e98e59f315641bd2bf2921aea,src/main/java,src/test/java
e9ea56cfe9178b6159f3ab61ec2b46cb9052ee61,src/main/java,src/test/java
b4eac5450ac0aba899659b9d4f6294d2130832e7,src/main/java,src/test/java
e258ee60edc692c80907fd6e4bb16e641692b721,src/main/java,src/test/java
b049739cc66a0f79c19dd1cea47e922d95645023,src/main/java,src/test/java
801317e0adf42ada55cb0ea09b59ed3dfe51edf9,src/main/java,src/test/java
e2736f14726a640076eb0d882274f18b8cb81e0e,src/main/java,src/test/java
279e3860bef52725e2b55a8d871b707602636e9d,src/main/java,src/test/java
ed7d4168d067b08c22c596ba5e98aa1136164306,src/main/java,src/test/java
2a9808cc2732bb4828c06501cf8c09f23b63f397,src/main/java,src/test/java
d16a507218f1a401ba29d58f6b7aaa3d4e7a6002,src/main/java,src/test/java
9566ea8e2cebff0081b6a6df90370ada20aaccc9,src/main/java,src/test/java
04cb084c913e82414a7e92803cd037f0169450d6,src/main/java,src/test/java
30b5469753686548ca7a590dd1bc5114181e68a9,src/main/java,src/test/java
16aa30572b41b7e643e9ee08def2169681f8e2c5,src/main/java,src/test/java
ca6c3fc55eb74e21fe90e18da33723fb99b22f21,src/main/java,src/test/java
3bd5de685c1f1116b71e6c51d713528834773fdf,src/main/java,src/test/java
fe25f7e14d92f5d4746549e7df22e9af35fdf54b,src/main/java,src/test/java
d5a25f4300a93f4c411a7b8364d34122bc0a1b62,src/main/java,src/test/java
1ed7f3834dc77cf76d7477e8165dedb8ae2d61c2,src/main/java,src/test/java
660ec8f8c081646413d14adf41d55bbd4362a5a8,src/main/java,src/test/java
5e924b21f6f55a918aed08927f8088ddd35ccfa5,src/main/java,src/test/java
6b471c37efce0a3205dff387efd3473980be648f,src/main/java,src/test/java
12e811240e7f492a7a0639730c59c4a0cac10578,src/main/java,src/test/java
121fc1d3432c7bb69d1030d840fc979f1f16c926,src/main/java,src/test/java
cecd409aa97693beb87c4e9ca34ea7f734676216,src/main/java,src/test/java
7ed2d00e881588d434222ca9d94c2af233dbad9f,src/main/java,src/test/java
3aee590e9f546ad5cc59c9a75367e410bcea84ea,src/main/java,src/test/java
ddef7822f935234fc5d9c38bc678271d726e5d57,src/main/java,src/test/java
3f0552558cef612186409559ebbb1209bb90ec43,src/main/java,src/test/java
22c483a6e3ff2531a5beaf1257c3e39ab5599698,src/main/java,src/test/java
a33e3306665e5aab6e50efc5c6df3524422302d9,src/main/java,src/test/java
6fec75fdf074e13937594bfd075796e11cae6a03,src/main/java,src/test/java
9d0fae41bdc7fae448acf0b84ba18e24e80ad0b7,src/main/java,src/test/java
c48e992652125eb74aea8ead8cbda5fd0b44976a,src/main/java,src/test/java
70d961bfb281498489eeb7d318bc5c96fa7f92e6,src/main/java,src/test/java
b8b3c7404a36dcbbfc934d281097dd61632b1d68,src/main/java,src/test/java
a2f43085f141df476c975e62a415004818a6aff4,src/main/java,src/test/java
386e9f7ba59a28602e12c7ac2689590998c237c4,src/main/java,src/test/java
034f3c0f7ffe5eb1dfcc132133a26159c5715301,src/main/java,src/test/java
d5e12f74d2224574ef1e220decc514073303ac5c,src/main/java,src/test/java
dbf0c6f4c93d922a2ebb4d744661e7090fef2aac,src/main/java,src/test/java
ae85620b0834bd978f8ab080b07150ee8034f8ad,src/main/java,src/test/java
21a2e4b7d680bf796f07d5d3b6119a3cd3fc356c,src/main/java,src/test/java
8e64a43abaea3133b1f47e1ee2372cff38133225,src/main/java,src/test/java
e741034db7191de9985a9b3dcd667bbdf262ce3a,src/main/java,src/test/java
308ed4ed89b32d119b5994e457597275c6a0af7d,src/main/java,src/test/java
44f35a9becd891b9401a5879cc7934ec7130846d,src/main/java,src/test/java
21ca92134c900809278c987cd02d0b2335f4fb1f,src/main/java,src/test/java
b9f6c5b1d4e6717ff95e71025d09f6affd5b7150,src/main/java,src/test/java
15f96ef28d5412c1d62e51b27da615f213487033,src/main/java,src/test/java
97bbfa7827044224b86b6767e720dbd52f9d81e7,src/main/java,src/test/java
729c0fecc5ba6ac7749c7ea84d4a33dcb5cfa4e4,src/main/java,src/test/java
89559a204e5aed69a58d45837d65bbe7f6dab95a,src/main/java,src/test/java
2d90441ef0440f3a2f910b210234cb8b709ca727,src/main/java,src/test/java
6ec5136d28b30994ec525444b54467e72edf7631,src/main/java,src/test/java
4eba3999b90fff054bce48b7bb4655a359be2e52,src/main/java,src/test/java
ad53425b8173476fa7f6d87ef640e8138241cdbf,src/main/java,src/test/java
a290f09c4ba55b7724375099f5cf0cd0a9b48011,src/main/java,src/test/java
700617aa96fdfb3259a1e8001c1bee24deaec34a,src/main/java,src/test/java
bacb37f41b4b8db75d6f1731e8c9afd56c6247dd,src/main/java,src/test/java
d32563c559da846e386b86bbf664b82eadab7c82,src/main/java,src/test/java
cb6717764c0460f560e1b09478faa4dac692e8f3,src/main/java,src/test/java
cf551ed67183ad54610c27338fb010dd66ebcdb4,src/main/java,src/test/java
b65b3cb2d139c4309a22b31812957808c5c96f47,src/main/java,src/test/java
9d3de8cfcf9b50b92db20240d42abafc2bad98e1,src/main/java,src/test/java
ebadfd25ed1244b170f7af2414c35673eb055a29,src/main/java,src/test/java
1e5d34926af2160fc8d19cfc435b608ee60d5c3e,src/main/java,src/test/java
fe32b967f6b029a10ec1d40f7e12c8b37ba32ee8,src/main/java,src/test/java
cc53828dcb87aadf2f31ab5d0ede3dc8fea092ae,src/main/java,src/test/java
2f80ebd9758c75c6a03f744d2f7976ec2d6a59ce,src/main/java,src/test/java
8daddc0909fe8a04d1a3b1bc511ba984a6257f20,src/main/java,src/test/java
d15b19f2b47fab18d369defdd2851e70284dbbf0,src/main/java,src/test/java
644487bf9b525b26734bfda1780b272b52631c5e,src/main/java,src/test/java
522d8f6ca9aed1d6bfd5b3757dd46835f1ca9527,src/main/java,src/test/java
567d6c09a868175626a0b404dc1a8f128f7746f2,src/main/java,src/test/java
37eacd8b90b7f7e2393f305db9b154312b693afb,src/main/java,src/test/java
36631a98a1199be01b9fbbcc66ac2afa4ad82dfc,src/main/java,src/test/java
2202ca51cf3e61765c9ac96326633deb2ff37318,src/main/java,src/test/java
ab8a20f6447da482bd0430498b482d06867c9c50,src/main/java,src/test/java
255c08d0675d52009c429cf2810c85ede1859c0e,src/main/java,src/test/java
4929735be6bdae0d1853d7d269234a30be18408f,src/main/java,src/test/java
75a0953bcf6275a486243a67e91774c8d5ffb6ca,src/main/java,src/test/java
9c2e89b49aa363292096addfa3f66179f498930d,src/main/java,src/test/java
f7e476edb42236ad06ab7084ecd5e6c5405bf99a,src/main/java,src/test/java
b3f623ff120a116f2101a24ec70d64637aac1574,src/main/java,src/test/java
f6fbed5072ebe7accbfe433ca848bf4b95dbe0d0,src/main/java,src/test/java
c62d8c79d1ffe9b0e351cf858fbbc1ccad65c271,src/main/java,src/test/java
099f36a0e77b6be727692d782d61171e614b72ab,src/main/java,src/test/java
24166ace200fedabd720622659c5766463b3c59b,src/main/java,src/test/java
958c824560807ca145ea581d26e501ed0cf669fc,src/main/java,src/test/java
2936ba525b22c3aabbb2fc914d1a191938b2375b,src/main/java,src/test/java
e979bc530a86a32d63389acbedd3323185ad4ef6,src/main/java,src/test/java
07b6d6636670b2a9f14ac265186790db11cfd52d,src/main/java,src/test/java
c49891b89f97d8355faa88d5479281c9c5cd8963,src/main/java,src/test/java
1d930db6a1407a873af65deecf4290e4c4238e94,src/main/java,src/test/java
ee10eec7d09f8b5025d1edf5d35849f4666bccea,src/main/java,src/test/java
bbd8190030022df404a8f7c47c1bc32e990cb0d2,src/main/java,src/test/java
d71de544624bec27e6f4e76548527ae727eb193d,src/main/java,src/test/java
b2ccdee0fdc52cd46577a90cb50dc011d6d681bf,src/main/java,src/test/java
e4b261e94933bc9a03345b390b7d5558e7942321,src/main/java,src/test/java
19048396c24b84fc3c65b1864cd1d800f477f797,src/main/java,src/test/java
0d700fd498c64533e6b4a35078f7f17a59bc421d,src/main/java,src/test/java
ec327bdfe8f42aefcb5e13da0c78164d45a7b317,src/main/java,src/test/java
b3c65e40abc63a4dde7f63eacf8ee96ccd4341c2,src/main/java,src/test/java
e59194aaff0a6e520184138924c69045160ee9d9,src/main/java,src/test/java
9f01551c3f875ec7b19ad260683b794e6594a55a,src/main/java,src/test/java
be114a9a286c4d194cd268ac8153173c52619a8d,src/main/java,src/test/java
82c346ae999e1e250fb52732419aff9a86b1f455,src/main/java,src/test/java
987a463a185d25086c29ee2efa0c0e24ecf77cb2,src/main/java,src/test/java
4e94c0ed9eca0caccb57feb0ceb252fc91198032,src/main/java,src/test/java
568005dc32e7da642b388936d1ed2c9299db3155,src/main/java,src/test/java
a1a87936b12a8b254fb780ac7d91c786fa180e5c,src/main/java,src/test/java
d7d13a2802a792439bf1d993ba6796354f0c844e,src/main/java,src/test/java
df6ea43bdada52d5265d52c7d6c75e25a14da8ce,src/main/java,src/test/java
ab4f17f355402fdfa43994e8b1809f14ccce030e,src/main/java,src/test/java
a1d0251ec152bff76262f45406b64467706643ac,src/main/java,src/test/java
1a88f82dc9a5b29e783b8cd3f884c11b44ba0e23,src/main/java,src/test/java
051189494a7ff3a7be5e22fbe9b411b52619b950,src/main/java,src/test/java
8ce13b9da419f61a409f7d57d6a15dcbaea9a71b,src/main/java,src/test/java
ea30c7b4d7c4621f777aed4cb4552a2c1e2270a4,src/main/java,src/test/java
9257bd6b6a0227c400e1d008d5ad03d2244a6155,src/main/java,src/test/java
9a666887d85349b35e0d80885a7c7cb38029467d,src/main/java,src/test/java
50855c39f7c28e21e8466787f463f8c3eb0bfa3d,src/main/java,src/test/java
409cb7c9f271572c0d3e37bbc1ade18a242f067f,src/main/java,src/test/java
bba36203864a75f6758352932e8dfee5136f60e4,src/main/java,src/test/java
31ceee75592e1767bd1072eb670b43dcced5de26,src/main/java,src/test/java
cd5430a91723ff8cd61928524ec21ab4e14b20f6,src/main/java,src/test/java
d906a34178f27803a08e824e3c2474fc0863edc4,src/main/java,src/test/java
1aeb52554a104f0a2433788be406d53b39654952,src/main/java,src/test/java
d0cfb645350fab16bf61fac140b69ef55f8cba2e,src/main/java,src/test/java
d338aa5049600d29c0784f5b9cda06ad1cc7626b,src/main/java,src/test/java
522f2ba3cbfbe0cfd30a5ea6382b9ab9656d4059,src/main/java,src/test/java
002a9a3e9b98ebebf53e43aed0536d3c50851c84,src/main/java,src/test/java
d44600d3750e5dba9fac68aee7248ed2a80a2225,src/main/java,src/test/java
7fe2d4f1aaab61e41f31f792f8a988157a34b34c,src/main/java,src/test/java
d7155de6c37db3301b92b755bd0a02388f7dd07f,src/main/java,src/test/java
0f9a4a5f2a290ebf5556cc8d4e157dc37f198051,src/main/java,src/test/java
9972618859e6e8ea532e3ff8dfc9cdc765ec435a,src/main/java,src/test/java
23a733207bc88a06ee486a5896b7b0c4ebbbfef4,src/main/java,src/test/java
d3874ebf3c0585270f1fe33eb7030667bacb63b7,src/main/java,src/test/java
63afa5297a0b8bcbf31b9c91e5d15537e0fdbdd5,src/main/java,src/test/java
2bb770bcd4cbc0c0c3ede86cedd4a602e328e2f6,src/main/java,src/test/java
4d34006e4d8a566c6c64a3a0e04c17e50d63bb82,src/main/java,src/test/java
ce37efcefbfab0fa91562a492f0f80af018a5313,src/main/java,src/test/java
1971732db3da4f35c117c29a77facbdcaf8dff58,src/main/java,src/test/java
10d5ab37f06f7925bf959312bfb6211f5bc4a1cb,src/main/java,src/test/java
ef17f26b4ad3a28979cd06b1ddaeda99080135b3,src/main/java,src/test/java
ce114737139538f72d2a7a994db41befc32362fe,src/main/java,src/test/java
b96a3b55d4c28171cb92bd2cafff853ea973d36f,src/main/java,src/test/java
16ffb1387d997a9bacaba03de157f8a1760784d4,src/main/java,src/test/java
c0c88170b2cd9498002aa90b54936c9dd707a38c,src/main/java,src/test/java
8de9cef9a0bcc665819a57f11ad30f7b6142936c,src/main/java,src/test/java
934f485d4c62854dd2ef48ed7ebb238f3abec0b7,src/main/java,src/test/java
e08dafef4faa7d71330160dafcbe77536d90e809,src/main/java,src/test/java
28ec8a47d381311818f805ae76bf84da30f516f9,src/main/java,src/test/java
6ce32ffd18facac6abdbbf559c817b47fcb622c1,src/main/java,src/test/java
b64c7736015d28c20857cdb91584308c78edd8e8,src/main/java,src/test/java
60d459cedcf079c6106ae7da2ac562bc32dcabe1,src/main/java,src/test/java
8e98ed66bc262681a38052682ec5b6a42120f7f7,src/main/java,src/test/java
ec859af181fa5b2da62077d00154e3c13c9d8f28,src/main/java,src/test/java
8c20a7670f71958c9af6c8daffab227d2d7ba87a,src/main/java,src/test/java
974ccddfd718a06f889da2dcd58ebb6bc22c8dca,src/main/java,src/test/java
029413a6e381bb04b7b0a420730d3119e9cc0961,src/main/java,src/test/java
dec4a483d9d70a8e7d14e28474058ef50df1204d,src/main/java,src/test/java
4a2b1ae08ded66b77e05bf8fa0ac8a2e8c60709d,src/main/java,src/test/java
edaa4ad8204dfda985d3c74ffe542c9eb67a201d,src/main/java,src/test/java
9a083ad56b20711eab368a7818fb079a870feb93,src/main/java,src/test/java
86c43debb15220b3d62bd973fda29fd861b69851,src/main/java,src/test/java
147fb0814f0d999f8ee58abe6c7ff7db3ed4ee92,src/main/java,src/test/java
9b9e47b889751ed72154bbff11e8181089e88e78,src/main/java,src/test/java
1a0326fbc31d3d9f1e5145dc71b937820142d111,src/main/java,src/test/java
e2476e07b2542d9791995d6a01b2da64e3c9128b,src/main/java,src/test/java
4b00ccc8ae9763c76e363621dc9ee4b8692d30dc,src/main/java,src/test/java
93f7e14d096181a251aae3355464d24bcd7677a5,src/main/java,src/test/java
3d743477e1531cd3c4c041941f047eee5b040924,src/main/java,src/test/java
247122fd51244aaaf2fdaae162971a4ce52ba702,src/main/java,src/test/java
39785388b05ed0ac447860d96015fce359f1ada6,src/main/java,src/test/java
fe80e86551be38fccb1a983854925a78db6e845f,src/main/java,src/test/java
5a0ce57b5d3a6d30420267b56b3d2282c76df581,src/main/java,src/test/java
dc2c00358822901b943019a9dbc0c912285998af,src/main/java,src/test/java
075319dbf91d6c091c78a3b7c686b579569678e1,src/main/java,src/test/java
4009fe3a05caaf45ec230fbedc29dbe5d9b7f412,src/main/java,src/test/java
e20bcc877a8149a9c4ecd562209b3b3954b6dda2,src/main/java,src/test/java
e8f043d1aac9b82eee907e0f0c3abbdea723a935,src/main/java,src/test/java
9c4a7e51d97d34fd96492003bf88588f11cc3aed,src/main/java,src/test/java
ce7d1c9abc7a8eb3bd882e700691ccb80491febc,src/main/java,src/test/java
f2c445d6d2de988531dcda25da81fda129bc53f2,src/main/java,src/test/java
6cd5be98485a5fe8920846bb0b47a0fec87113be,src/main/java,src/test/java
ddfddfba6414adbecaff99684ef66eebd3a92e92,src/main/java,src/test/java
d402a0fda28ec4a8a5f014e8acd46b15f5f0ee9f,src/main/java,src/test/java
91a3636eac479761172c102a7708a54c06419fac,src/main/java,src/test/java
78761f18ffa7aa71ff29a3a2d4a6685e7206c25d,src/main/java,src/test/java
798da688fb0433f739bfbc066d205d42038ca7a0,src/main/java,src/test/java
a8e7cdf9bf9db7fe1a48fbf91eafba243408d94a,src/main/java,src/test/java
dcfb0ccfc297067e1ab433d5bced58d109f5c99f,src/main/java,src/test/java
7b743fc5b59b0645d5569e1a878c22307c32ecb3,src/main/java,src/test/java
21228631e85194410e6dfeabb263dfc028e71eb6,src/main/java,src/test/java
5405401255b921dd02c4b3b7761884c57e0e8093,src/main/java,src/test/java
d106e3b760936de2e873bdefbbed1e4ba9646d5b,src/main/java,src/test/java
79a1efffe173ba6bfedc17f0ab1e635fe776347b,src/main/java,src/test/java
027ea1b714f8325f49448d0b2a87d02a500d0922,src/main/java,src/test/java
0c02ed583aea28044cd50a4bc987db4861133eb0,src/main/java,src/test/java
9ddbc848476644f7782b2485f7cd4547d2ad24db,src/main/java,src/test/java
467589680add00ab49108bbbe7db375d81a75837,src/main/java,src/test/java
a1404d5684783ccf28dc1b0a2791ce7c0c311907,src/main/java,src/test/java
dfaca81ae7a82b7c3018f265815e98a5138118f7,src/main/java,src/test/java
e865a7a4464da63ded9f4b1a2328ad85c9ded78b,src/main/java,src/test/java
f031f27a31625d07922bdd090664c69544200a5d,src/main/java,src/test/java
2235894210c75f624a3d0cd60bfb0434a20a18bf,src/main/java,src/test/java
d9bbae43dd474f51b01899bbd83116ab4e2b33ed,src/main/java,src/test/java
755e3bc0cbea30de0102f6a88519a0c34d571bbd,src/main/java,src/test/java
7e51ede1bed079a1b628ccb670ea8a9748eaf233,src/main/java,src/test/java
c52b0d1ee9c64f786498a1ecc0055015d9f1ecc5,src/main/java,src/test/java
8d3d3b7d04e0c7b079bb0927e1f04b345691bba7,src/main/java,src/test/java
b744bf378c9fcc25c69244dcd4133f150813aa3a,src/main/java,src/test/java
038b471e2efde2e8f96b4e0be958d3e5a1ff1d05,src/main/java,src/test/java
276c13027823a497830d507ed9d8db7ed492a281,src/main/java,src/test/java
134aa746c896e167d3a156066a2e10263f458d2f,src/main/java,src/test/java
f3ba50cfabd6e8cd3dfb317ece3baaf7b0e6d238,src/main/java,src/test/java
be45354cffcfcef7badf67c090b1790bbd2cceb1,src/main/java,src/test/java
b18ecb3b30fceb64d45b937ff7ec4f8e2f06fa77,src/main/java,src/test/java
e8546e913b3a1eb644f9703a8d55e071931cb185,src/main/java,src/test/java
5d4eb514820a7cfc7135e4b515dd9531ebdd523a,src/main/java,src/test/java
c803a2658e45b8d1095d2504f943bd4ebaab18e9,src/main/java,src/test/java
939e332d951822f451d307ac4fc394af659aa0c6,src/main/java,src/test/java
6799f8f10cc78e9af6d443ed6982d00a13f2e7d2,src/main/java,src/test/java
b46230c63dec933cb46e35aee0328e091d9b63cb,src/main/java,src/test/java
ebe7d44d8f2b5a94628251ce34dcb04ff3a46e22,src/main/java,src/test/java
7da1b447359e9cde9f79848ef475cd4ca55a6544,src/main/java,src/test/java
a054585e2175ad0882f07bcafedecfac86230f1b,src/main/java,src/test/java
c5bfb9a191240fac1744d6569d48a52ebd53c3cf,src/main/java,src/test/java
18dc249e793b15e40e67753ea5e988bd428b1a92,src/main/java,src/test/java
f350b20fe087a7b93640c011249a39d1f0ecee2f,src/main/java,src/test/java
3181c25db9e41d749943a5b0d55ab7db9bcbb234,src/main/java,src/test/java
68fb2c584ba5080a8c6f2e808d7db511b9bc58c7,src/main/java,src/test/java
37b53e29093ca1eee9d77cd3eda85b41c2376d81,src/main/java,src/test/java
50f6c6d3ca0618ebf20819b837c35f4cc7bed9ff,src/main/java,src/test/java
3fd96e8fa3b9b780c6b0936130589a2fb5f0d2de,src/main/java,src/test/java
141d09bae22ef10bc1f77aa81b2b5ba26547c67a,src/main/java,src/test/java
0b8f29eaa4d33e56185fe81cb55c5d9c2994e5bb,src/main/java,src/test/java
3010de7f6571fa83059445f5ee56ac7d15748287,src/main/java,src/test/java
9e72a25324abe749559bbc13018555caca269570,src/main/java,src/test/java
29c3a1f374f6060c4ccadbdeedc394792c0722bf,src/main/java,src/test/java
27b4defc270454dea6842bd9279f17387eceb737,src/main/java,src/test/java
324b2d7a5b92892a6279af04f90afaad7f5a5330,src/main/java,src/test/java
69416ee9bbecfbe3e9c18a31cc541a548e789c1b,src/main/java,src/test/java
615265c0c1d71279386a6c245a66e89cbb59e67e,src/main/java,src/test/java
bb870ae3ee5d982a9f0b80596b13a75e80de9f68,src/main/java,src/test/java
b6eaec1232c192dce74929c6269980aa181970c0,src/main/java,src/test/java
99c8da6fe54e0d0db253cc0b319e69b5419f0e51,src/main/java,src/test/java
31153568b58a29979dd0c416d14833886f9216a9,src/main/java,src/test/java
dd57a2dd576a77423553c197df109a5b60c1c669,src/main/java,src/test/java
0e06d15b5ce1d5f16d8bcd69e2418c18009bc1c8,src/main/java,src/test/java
bf261d404c2f79fd3406237710d40ebb03c99d84,src/main/java,src/test/java
12f82c60782f05015336bb6305fd72c133a410b5,src/main/java,src/test/java
150a49f49e24778d7829bde4206e4c478f99e91f,src/main/java,src/test/java
fee8eb46433c2db604300fc9a2e30223dedb8025,src/main/java,src/test/java
13e83752330bc6b3f74baa46f9d21a5a2eddea0f,src/main/java,src/test/java
d3a715a7e129ebdc51eaf501b213b1ee8fc2e877,src/main/java,src/test/java
48921f99dea98a23a019b36055ae27d7ca7c5a90,src/main/java,src/test/java
f3f77d95f43b7aeee1587a878f7c2f3f2c4a1879,src/main/java,src/test/java
2a5d022e642fe82caae7055298e43ebe2e9ce2f2,src/main/java,src/test/java
bc5e138dfaf572ea519cbfefe36a9bec8b017365,src/main/java,src/test/java
bc91126c55dc513735a2a95ace4c00a6021c76f4,src/main/java,src/test/java
fd522c58b94fa5646f56dabd6ef4e219e939100c,src/main/java,src/test/java
d98ae778876cddd5ed3eacab9e5daf55186ff483,src/main/java,src/test/java
4651b407ff0fdb6d5f86826dc22db7c5d8d397b0,src/main/java,src/test/java
87d29af25e82a249ea15858e2d4ecbf64091db44,src/main/java,src/test/java
454b95f364219d8601cb39221508c67d6714680d,src/main/java,src/test/java
82616146c8b07a453a5c82f1d563da74b784cd4f,src/main/java,src/test/java
01c7f58d4c636a0d7fb7fced244da4f68aeef863,src/main/java,src/test/java
dd7258af312d444c3ed91317ed1afb06009c2c28,src/main/java,src/test/java
63d48ff05508a5f52ff10035602f079d2f3390fb,src/main/java,src/test/java
644831ce403590db4dbeb8ee47adb3c393438fb2,src/main/java,src/test/java
555cbeb045e0fe7680e8caabe12c1648904a4612,src/main/java,src/test/java
940ebf42f2dd7aa0376c385fc5dcf0643e758f2e,src/main/java,src/test/java
323cd0b309697021f1883de1e53038d2d09fc160,src/main/java,src/test/java
f6cf1817509dc5ed61b9730c17abe492cc62b074,src/main/java,src/test/java
3f942182890de88d99ad3eb18c2fca5540a029a0,src/main/java,src/test/java
89a20255f98df78935b9aebeb5e080c02f8cbebc,src/main/java,src/test/java
08dfdde2c9c2a17ee28fa007d5b60d4c47fce125,src/main/java,src/test/java
b631af0dc6974db91f201c18958929b2b9b52e73,src/main/java,src/test/java
26dba44756c0fbc3cc034277dcfbf58c20befb40,src/main/java,src/test/java
72cd4025a229fb28ec133235003dd4616f70afaa,src/main/java,src/test/java
c50516de13bb747090413e40bcd213448d94ff2d,src/main/java,src/test/java
dd6d460348f89c7af7826633c57507bed2c2f6fa,src/main/java,src/test/java
54c744c2c2007eb93dd756cc8581573c9bec97ac,src/main/java,src/test/java
83c7c4347055c3a70a3115fa106aa69c9cb56456,src/main/java,src/test/java
7f94bb3fd33d6220c532a32b7971184f38b1282a,src/main/java,src/test/java
3f45bb9becbacb134cf0177c92e31886ecb7ccec,src/main/java,src/test/java
dccb9bcb3d175a1997921f75fd3ef8fce8989014,src/main/java,src/test/java
69903aeb290415809bfaf6a2e18ec6cb2141fc5a,src/main/java,src/test/java
85f384a5e7a0f0262fd8c54ffd3f086a8bcd07e8,src/main/java,src/test/java
8ec1e5ecfc07ad893bd4e8d151d9176795f4dc41,src/main/java,src/test/java
644b5cef4715714206289644d8aea7a1d921333c,src/main/java,src/test/java
36ff317b05d156804465b646786f328a3fa42685,src/main/java,src/test/java
09875983670e83490af43e5c26ec39cdb65be0bf,src/main/java,src/test/java
394696761e7eb684ce830ae48ce8ec82eae36cbf,src/main/java,src/test/java
ecdebf945b35f3ea5129402171514b67dde4b0a8,src/main/java,src/test/java
e8d07eadefc73486db74e8b760c3acc93acfa7a9,src/main/java,src/test/java
a23d03500d5f8894534f4953322bb8a9649909e5,src/main/java,src/test/java
0ca6c284f159cea2939c04a774bf6b0a29c0dabe,src/main/java,src/test/java
8d846ae264d580c9709c0838269eb3e238494ebd,src/main/java,src/test/java
ce60c1e617ac4af993af34139e7abfd504805426,src/main/java,src/test/java
ceed2dc7bc9865218d9bbfdf3f1ce591bee4d7ce,src/main/java,src/test/java
1f437f242f6fba6dbd32a1fa78383c55fcc8bdf3,src/main/java,src/test/java
6ef86656aa504309ea3d89cf98ce45d11d6ea9c6,src/main/java,src/test/java
96ec23b2bb19b4d4b4530fee6ff08cd248d32a33,src/main/java,src/test/java
f3a1798076d9dc71883d317c8e97c4e033fcee98,src/main/java,src/test/java
02031e6f36139fa0ed2681f829855e8dfb74f193,src/main/java,src/test/java
94c56eba1c8b5f6156128f54cfdc938ddca70346,src/main/java,src/test/java
6532c755438df3d8c9a17cc06148f1ab70dc38d8,src/main/java,src/test/java
e797b2271ab9a00b99694a963728f3835f31d1cf,src/main/java,src/test/java
00b599121023fc923c661a81f8eaef46a8a6c9fd,src/main/java,src/test/java
21314d477a53a9911b3985d6fcc355cd35512a71,src/main/java,src/test/java
b64aa0c9bd5befb8bb2b173a6531c38a52b5d3a2,src/main/java,src/test/java
165dd0367df2f4abda4943f57a95c9b33c03f15a,src/main/java,src/test/java
6814284f30aa19524f34cbc24832d1b54811cd07,src/main/java,src/test/java
38a61e069d82d0935a1245bf0005e6b4e55fbee9,src/main/java,src/test/java
a475c0d526ba9b8343e28ad9543a46005b0842b3,src/main/java,src/test/java
e287a62cd32832d5a9611d5b8f3bc06ec1310dc0,src/main/java,src/test/java
90479d3a90e4d2736decf4118c01dea057a0d305,src/main/java,src/test/java
a066415d66a6b1a4688ff0ed25695aa3a86ac130,src/main/java,src/test/java
3e6524801d689c6875b861897f31411a7c04c6ab,src/main/java,src/test/java
83264a7e377bd3399f0b550460077959aaece16d,src/main/java,src/test/java
78ce8a7222fe63ce6781c75fdf628fb860be4291,src/main/java,src/test/java
26ce3dc0cc4d62f04a72d1fb2d53016ff0cf8097,src/main/java,src/test/java
5045d8b274600389e65674fab0d0998f39b6993a,src/main/java,src/test/java
e2859a691e1c30d7454df7a6ddb140ceffc6c78c,src/main/java,src/test/java
4b630c6e741782efdf560a0bd3b6b1d0de9da8c3,src/main/java,src/test/java
f36222e5c0b318e2b739e2b77b93c5d2c919413f,src/main/java,src/test/java
8bb7c9abca9a2e298a2436cb995ba1721e49de5c,src/main/java,src/test/java
dda513bd7251b4f32b7b60b1c13740e3b5a43024,src/main/java,src/test/java
