4d0f2260061124878a8f884fab0148a5b29f942a,src/main,src/test
aae6f90442ca09e2461e766a987b33316d9fa6be,src/main,src/test
0e3b57507f8bff9a3325bdaa7b90a18c2c44c17d,src/main,src/test
2305e0e80c9ceaba6736bea4dbf07c0979279280,src/main,src/test
48068091e40864e6a351f3aa13e87b8d9cb8a4aa,src/main,src/test
74afb17d34e9f9a880bfe898633609068fc338e1,src/main,src/test
9ae4b56c2af4ee65fa935d99b298c98b7cc4bc63,src/main,src/test
09cf3739df3b82b23bf508b4f98e999ee5b8d3c7,src/main,src/test
a7757849d3e9b2a37967ce208ab22f6d14567c98,src/main,src/test
977824491d8d65b9952005573f2ebffe6ced671d,src/main,src/test
9afec3ed39d954ae2ad927ee73445a9ee5163d07,src/main,src/test
f96adf26c182a9eabbca6aa70a9c77b4f07e5e26,src/main,src/test
b2a50d4a3afbb92841a51c821825a91aa64189f9,src/main,src/test
1c7a9910be857a4f33ed216701407806e1d20670,src/main,src/test
6e64bec175d687537c3625e34a3b7eed71255c22,src/main,src/test
95bc1807be762e646c884affb0b4863a67f1fae5,src/main,src/test
fa437cb924ff6591faab05f7dc42dd5556676abd,src/main,src/test
5f14d16a66f31e11253e3daab61113cdacf33587,src/main,src/test
1023690dc284afaf380b0cf3eb74c411e0663465,src/main,src/test
190390bf5dd83d6137ca3045902fcecbeafa3227,src/main,src/test
86ef75f808306d4dbbc63d900ec73dfa5ff74cad,src/main,src/test
a318a437a2649c369a86bb786db2e1f6797b0388,src/main,src/test
6780f0d96cf89d3f781809233f0b01ee91d1b264,src/main,src/test
81f24008c69a5cc2325a989b2c39b5b6248babdd,src/main,src/test
9b37b1eb1f53e107c83e60232ec39d6174591f24,src/main,src/test
0d7c984c636768d1917d4e5b6041409b618d5fc1,src/main,src/test
ac46f73b259412122680f217020ad473dc6e8781,src/main,src/test
70b782d6df8c1a2ecbafda76c34a976d2511d1e4,src/main,src/test
285978743f71bbce1f3a12a14ff0c6cf5a401c54,src/main,src/test
d5d2547cb3f13989243b461f8e39c01ea098a66c,src/main,src/test
aa4e77ce0338795c5c29c5b7c4dd20ec419fde89,src/main,src/test
7587f0dc78a586aa9afdef20fd78baeabc69be05,src/main,src/test
21cb8b4750ca9356644e2e64655c6463bed47509,src/main,src/test
4a6af4590838e8804290464a8d88a837acb2fa08,src/main,src/test
7688fbc3f9f5acf73d3c5018dd83310f7580d02e,src/main,src/test
8b24cd1fb06c8ad86606cf2296892bbb21f90143,src/main,src/test
554af4bc5c1014644dfca83ce6577f7882a9dc04,src/main,src/test
da77daf160feccdeb414a9c299030b8c28f8e3dd,src/main,src/test
1813f2663d073aa61584da19f979c12d15cac1eb,src/main,src/test
b6f0655a7107b9c817f10a215cea4da90b27281f,src/main,src/test
04b36452dd589fe0a090243a9092753f92a24885,src/main,src/test
4def868a8e2042aba1cea2e5509fbb1ce7f8aab2,src/main,src/test
103995083c1cf8f30c02c8589a4e800f9ed303fa,src/main,src/test
16b9e2c79122f5a76863854cc4b33939da63710d,src/main,src/test
4ca7b7a961549ad4365f4aec24f556cc349bcae4,src/main,src/test
4d2155ff400a67defc4b03827b66a91c180aee5a,src/main,src/test
2210c0b02f9b7c7b9e2eac420aef7ceab3e4824b,src/main,src/test
409feb2888227057fe8e6bb58dcf98b49b276a49,src/main,src/test
dd2cd54ff71059884058c2fd2ba4a0bb15811579,src/main,src/test
51049fd117ae5d0cdfaec7fbf0a6de940502346b,src/main,src/test
2465f5e8f627d13d61a9b3cfa9feac845850691b,src/main,src/test
8861157a564e494b49d06fb599ed9c3b276b15b4,src/main,src/test
82b6d2e7b4f8114747e4758d3e4e61eaf276ff54,src/main,src/test
f8b80e83417c3c7eeed1282118f64fa0e85c4787,src/main,src/test
913e4a8b97fc4ef6a860cd94a996442ec86cc3a9,src/main,src/test
446eaf8c2a7f35eb65f3d03b6b2d1e57f6171d49,src/main,src/test
5206b2a244e21070d149ee1e1f1efac8f2584d6e,src/main,src/test
ce9768fb0c59a913e3acb372da053ebe582ca432,src/main,src/test
54597a8b8e1d299a6b66de840b5496af96b297d5,src/main,src/test
2f76dfabd14f34cb8a49df1ddaeab5ed6d0d7cbb,src/main,src/test
d54b339caa945f35b4b2536b1455f314e57808dd,src/main,src/test
1d5dfcb8f65e25e0bc5c38628138435c3c756b98,src/main,src/test
3b10c8f8ac64b75c573e0352dbb3d7ff9279d121,src/main,src/test
68c74f627495b2c60d3b0ff6a1ddc0cad8b7d49e,src/main,src/test
e7ccb14d2278942bd586f770cc5535b4adfe92b1,src/main,src/test
fd3a9862bd53c24e319655f968ea0f054453c839,src/main,src/test
aa0fbb01a04a02d251066e33da6a5301eceb819b,src/main,src/test
4ab1b69cc03a01834b9fe17abe03eb7705f742ca,src/main,src/test
cd8799e7b2003bb13c29860bafa059e7c5bd7f4d,src/main,src/test
224d30746c2b28921e495f0c824eb0cf92416409,src/main,src/test
081b070256afe2e817ca42e35aef154b88733f61,src/main,src/test
65883aa4d9478161d7c526c1f6e1d5f2806da93b,src/main,src/test
3c4c2518e8354357ed237b46d4d628f60b49640d,src/main,src/test
722d696e1966d1e63a3994170ebff53c8543c4e0,src/main,src/test
957295aceb5c0018d6f6e2cf2278f38a86245034,src/main,src/test
6757944fe5257a73a9ba9f4846f577021bfc614d,src/main,src/test
daa0a9a9c466aff8ece3740fa82f5c482ae6e635,src/main,src/test
4471e9d66a6fe249efb758ac7f2140ed5cd349e4,src/main,src/test
288654d8381721286d2a92e1ee3d9319be2c4067,src/main,src/test
ea5b3e0ba6e1cbdcf4a483e87edab5dceef73021,src/main,src/test
b466ec0ecd9a4205a9ab6cb0342c7b694d8f72b6,src/main,src/test
e28e28e1f27c554850dc0449f5f290e222121c62,src/main,src/test
9e4e3dc37973bc1f46017af0477dc9d414a5203f,src/main,src/test
c609fb39e6ad26c291fddba5f3b53a1eca66ef40,src/main,src/test
2785c355aa53a5cc990b651a1c658aa3d2fd8541,src/main,src/test
b1668b41e532f9493f9c0e5b017dfe00dba35064,src/main,src/test
704e1679d217581f08b8e9bdddafcd20768e1867,src/main,src/test
69cdb8a227351341e9716b5329078eee6289a747,src/main,src/test
581279310e049d67d2d1f2231f4dd0868bd663e2,src/main,src/test
e650b9d6995e99a7b6520e3096c1f84d9244e4ac,src/main,src/test
a4f737108b806d987ac4d2be686c35196d42bc6e,src/main,src/test
807ddd164bf0802116afbac1774831da1d8eacd5,src/main,src/test
cebbcc8b3c6679b37bb403e381bfdf7431ccef04,src/main,src/test
c81ad0328eefb438cc875b9c9f081be93f9fdcc2,src/main,src/test
fe514da465a36e8d7591a8427a0787c758ead87e,src/main,src/test
bc504117fceb2c254eea5158a62de54c80a5d81d,src/main,src/test
aff3891701c52ba871a21e030374c9f4471b3d2f,src/main,src/test
7d8821225ed64f73e327a2b990a4931dac6d799f,src/main,src/test
b67524da7fd146634c7112b23e95d1d45c398b82,src/main,src/test
f33baa4594bdb621bd1e3a3f7065dad9c98da887,src/main,src/test
d3afa156e4ddf8ec76847504988e7979146d9fd6,src/main,src/test
3294ed672129cc1af3822c90525572a29e73a09c,src/main,src/test
0e8811ddb7ea1a8782457328193703e8371204e2,src/main,src/test
3cd50672f71813a847054e5d6ba1894fda0e5dec,src/main,src/test
f4cc9a928f394d815162d443ebc894287c4d3c2c,src/main,src/test
f9871c5d359f61c04ba567df58af206b676ad9f3,src/main,src/test
99c3819bec33a0999b743b6827e6b48fcdd9c8ad,src/main,src/test
5a9436d462a45a44501c31a328c9926fb3cc4b86,src/main,src/test
1282503fb97d621b4225bd031757adbfada66181,src/main,src/test
65f110ec14b9e7f202bb1a696c4c58560cfca48c,src/main,src/test
2480dffa6d8343b189c6fb57b88b325c45f0b83f,src/main,src/test
0331565fbaf33fab24bfd588948e653475e795d9,src/main,src/test
16b175b01aaa27efd796628755b48e48b6866e4d,src/main,src/test
88a7e755e61ea5129f0f50b3ec04605cc492b457,src/main,src/test
692a1e362dfab949006d3419d1addbfe12552c73,src/main,src/test
35d101c2adecd51730f88e43941d85d16034886f,src/main,src/test
a3260ed930ad6c51925cb41b85ed230d8d872d3f,src/main,src/test
85226d80e6ad77a959c8db145a86e0311b2e05c9,src/main,src/test
c84328e64a226304d277be6164b85351502edd94,src/main,src/test
ce4e72701b1ad4caabc3bd668bd058fff082f2b6,src/main,src/test
a84668e0eafc96b88fe133cf4225a586986a5255,src/main,src/test
9f03b06a1ec8cb2cb64aec6068d2a6c1f663fbc9,src/main,src/test
51f226d0f882b2af656b97e7c38e581f615c77b9,src/main,src/test
966cd208ca18c299c6c765d4e1440f0877d96981,src/main,src/test
0f3b3367c3fd74a52618217bdce14d451c7aeed0,src/main,src/test
8e18054f3b6cd6fa619853354678d4d528345315,src/main,src/test
932b29441068b741866e41313b6f131c3b223c69,src/main,src/test
c8630e103ac0838978a867de46fc81c260eba542,src/main,src/test
c4f74756ff768b341782bb60c6df89acf30e67f9,src/main,src/test
f3f34073ae9930cf63efa5783dd300e959914b56,src/main,src/test
c473d87f236ce5cba4c7e0b2f4c788c1cb91f013,src/main,src/test
bf8f23c3104a137cb42e13bd69b10321cdf92135,src/main,src/test
73cc5246cf789db8f459e2f539831b6e91bedd26,src/main,src/test
64de57a0bc5517dd1dbcc4c1033c673e5661abf8,src/main,src/test
d01e6b5421ea3b389d858a233530a47b8c7e7353,src/main,src/test
2b5f84ede12cfadd7946ffb07a56709b8322a02f,src/main,src/test
22601f647f2ce9a05fa4ce20ea356492c670940c,src/main,src/test
a064b9730522840269a98fd009d426068db1307c,src/main,src/test
8d8bbf459ed5cf364fe7e14bc0b86f3ff416a5f9,src/main,src/test
258387e3cee17b417149cd49c9fcea5b8105cf9b,src/main,src/test
cf764bc9ae3940c10768278e2a7ddf62b4a7d6c5,src/main,src/test
105f907767086cd9bd57aad76488b5c4b5770834,src/main,src/test
fcc0d15c7b541191f14b0861d945cbbeba770d10,src/main,src/test
f69ddb394a3872a9aad83a45b460e73274995beb,src/main,src/test
75f39a81a77b3680c21cd3f810da62ebbe9944b8,src/main,src/test
ee7335a2fc5a95dabc73d779699a973a5b828213,src/main,src/test
7dbc976992bf9a48fecd8611de5bca2f9cd8ab07,src/main,src/test
d5cc0d8a7c7141c792395f3a0b4a29819320e500,src/main,src/test
b460ef6200076887fa1aaaa617bfa6e80b926dc8,src/main,src/test
530b0382691b6af6340f194956f6e79ae3249662,src/main,src/test
5a0894f9e0ee9f4703b8db3f200ff4a507bf043b,src/main,src/test
5b2e5f809be63d301b04eaae9c72cae05e7da35c,src/main,src/test
71c69df6dda034e9aa18ad07782ba88643423f58,src/main,src/test
e31980892ce9873047db98ab8ef1b3259607b988,src/main,src/test
2c6120826245f89fedf2f936ab4a0c3edd8717f3,src/main,src/test
fd8433b7119efb743495df69c91253cb64327566,src/main,src/test
16e12d213016d30376e2bcc5cabc299bcfa765f7,src/main,src/test
60cc83af7f22fe903edb7d43f4617e779c10909a,src/main,src/test
75b9a4ba4ed34eed0afe0a6c3b8a79979685a379,src/main,src/test
5744ee8a1698687fe4acc0c269cbbbb1e234b06d,src/main,src/test
a0d975933d6fe9eb5f359088de43508c1d3109bf,src/main,src/test
08f02a086c82363a2d84be5823438ff509ea2415,src/main,src/test
8f436552ae8ee5713c1b5c78c58d4387edcccb31,src/main,src/test
6b67a34b87e59e72bffd7e3b9dff31c07aa4bb65,src/main,src/test
3a1806ba26c3088de58ed5898f278dcd075b0552,src/main,src/test
c4014b6b38c9f661a12557db7ee464e158f386f7,src/main,src/test
2e543f41f3f76649524707337bfaf2731dc735d0,src/main,src/test
e4889167d2cd173b109e25a8ba3d2396d9782f0b,src/main,src/test
db11c04d29dd50f4405c51043b40f0d47d15925d,src/main,src/test
68352ee98fdb3d07be160357514abe2558a90c0d,src/main,src/test
0383fd51df6ef72e41338d37748959639b788871,src/main,src/test
d266471b4cdc2bdf7529747534f35c7b78fca6b0,src/main,src/test
6a34b823c807325bc251ef43c66c307adcd947b8,src/main,src/test
1b4474c0a09d6d9a0015a1adbc7462b08941d393,src/main,src/test
e693d87f714cb7575b6dc14454d2f7d5a8b377ac,src/main,src/test
3d72cb087af521b9c9cf5035af4e56889769537b,src/main,src/test
daf984983bc695591965f2126e0ef641005fe347,src/main,src/test
ae47fb8432095e48b8e754c767bb9037dfa5c5fa,src/main,src/test
933a950c88c402752b189fe3890cd8aef1536fd1,src/main,src/test
96a55f1d2b0e5448e98edf205f98cadb1c514cb9,src/main,src/test
ef9018bb1ef6a541ad3e2225559b145e8f90fa14,src/main,src/test
adf5f834db919d8eb584eb2f701d9963ab89f525,src/main,src/test
720b341bf02eb85515f4ca40a5e53e362100dcc3,src/main,src/test
29c80daa3c3feecc99643ceef6da4ded9f3133be,src/main,src/test
7d2ec7a0536165eceaffb0c32912d5ef202772fe,src/main,src/test
5a925ff1fffefd0d2ee11f4c8dfe860791f09965,src/main,src/test
787ab08db9230c67220ef453de211159e317d4e2,src/main,src/test
aae00f39adc884396b8d45d7211df4d54f7e4806,src/main,src/test
e94085595f372cd27900ee462c93be0a43d63a22,src/main,src/test
a07c9f72fcb5624c43cc90da19dd2216dffde90c,src/main,src/test
9d00beb3525c135c1f5ef7f5b43c2481090c5763,src/main,src/test
cee5cc3d7442efffab84192b93ed92ad940d892c,src/main,src/test
8462234502ff4c6543e54e3e7b542029182bdcd3,src/main,src/test
9dd5ace960a65bfa6864db266a8400c90b57288e,src/main,src/test
810c8d0ae51fc382b922d293d188fb5d637a8ed8,src/main,src/test
e922bf949aa055fe1da03056f202b80d17506791,src/main,src/test
fcfb6dc7c5262e54995dd70939f614f02a7f7cb6,src/main,src/test
05b5c8ef488d5d230d665b9d488ca572bec5dc0c,src/main,src/test
f29956907096b9a1d5e7a8e7ebb6f13b1b1028ed,src/main,src/test
6a91c050616bea399ce8a272d283fc4c6c4a393c,src/main,src/test
0fb414b6f21d11ed61740e66c04aced832827577,src/main,src/test
7c2cfeaf5884b9dd698309f5a10e80a1ba6705b0,src/main,src/test
ba26844c7bca3e42036f626cd61de9d40550b76f,src/main,src/test
911433707587a42727da375e1ec0e53dc909ac8d,src/main,src/test
0a0f3bbd365c470c2ae86b1cf383838bfaab77e1,src/main,src/test
fba580930f091620159f8740bb441bb11290b27a,src/main,src/test
8a683f009d10150c3bcff6c92455cadd7f7f0a88,src/main,src/test
aeef773ed680701ead67c6a35016d35cb3edd72a,src/main,src/test
de1838ea067f3fbc4c7c21b9eeae077c739ecb73,src/main,src/test
0833f45bffd40f44ba6f294d84e9bac8a9ba0a37,src/main,src/test
c4e120bbf42cf3981a629582ea722dacea9db19e,src/main,src/test
c6212540dfa2fdb42ccd19d9737c8e341b9cab40,src/main,src/test
5063b16c7a6d806a0a229fdf4ff2a16d74f287b5,src/main,src/test
38741a48c692ae2fc13cd2445e77ace6ecea1156,src/main,src/test
4406fba31cf945861a23a1d3730b06386d7722fb,src/main,src/test
8bba58d1ed87da343da51e239d094dcd06745015,src/main,src/test
dd26201ac47f60cd9e18800726cc28660b81bdaf,src/main,src/test
1299ddfe3fec5000f68c203a7f61e9af02955296,src/main,src/test
9ebd0d94254b468765f6c558bb10ca018a418444,src/main,src/test
9fb2b4f2b100c8d5a769532ee26973832c2a61c0,src/main,src/test
75bd702468ed3019f5ac0d66b4db02b0d20d7163,src/main,src/test
d0035e6c7a3f911a735485e0893e26950c15f098,src/main,src/test
a019caec3f685f864c98ce9af94c5171de4a51bc,src/main,src/test
83b1072703023411900b5eaefe9b8e99bc6b9414,src/main,src/test
29efef70f1dddf7f1924706770238cbe96157f0f,src/main,src/test
c9dedff12e98a34ab4225bc65f810c0954207f11,src/main,src/test
d45289f384e3e939c4025b59521e82f41d926685,src/main,src/test
aee6c50e2830c007a572cc96a57bc105308acc49,src/main,src/test
3cb5801a985c0d6a9ca3dc794b4e89a292b4a9c6,src/main,src/test
f7220c40b18193ffa4b02fb6645b1e14db38cc44,src/main,src/test
f8294d2d225600e29720c7a1c5c33cda00591bf6,src/main,src/test
afc831bcb837030d83f58c7cd6bd41588bfa194c,src/main,src/test
9141cb39e6659340574a96b41d7f463ebdc2610e,src/main,src/test
12b600c2520093d83d0b67ae9b3eacfae466455e,src/main,src/test
