06b2537c85cadc5c94313a259860a506d6fc62ce,src/main,src/test
26489160dd9d5aba67ed324571c27d325049ad14,src/main,src/test
63c121e7bf503a353f714e6cc70c6365a61ec3db,src/main,src/test
d197744b28d9893931e94151de887952380272d8,src/main,src/test
fb1c246de791324c664bf166afcbd788459420ab,src/main,src/test
2ab0ce5178ffbb836ea57a4a558b0ab1a4754ea7,src/main,src/test
c11cb6ad622d2c259661e83fb31aa54aa98e356f,src/main,src/test
38e7afea5efe2ca6ec71c470ad1cd2b9707c5f43,src/main,src/test
4c3008e53bbb647f8a673f6b9f8501527098a8ae,src/main,src/test
6eda875e8ba7eab24d12c2ad632f34289b02201d,src/main,src/test
6195a21915869c99653640d40a3e4ed6ed26cd77,src/main,src/test
b07ed33c3ed4d9d982f4cc24ca83eeec05da5588,src/main,src/test
7ef6fedea1d08dfa080463b5f5bfe9411ee310a7,src/main,src/test
50f8352be19a2de5c96a6817f0108bff70b08183,src/main,src/test
eceee0436909609185f3d52409410b47396902e4,src/main,src/test
5ba2a922ee75fd3012a2aaa6d6842cbad05eb871,src/main,src/test
6b13e5d6833494c76fe7e1e05183da84e8307364,src/main,src/test
62b87e1bdca8cb1e5e97c8777bfaec33a80c6278,src/main,src/test
af3fee55f772a068bcbf7403dfc52ff0566203fc,src/main,src/test
6d5f58ef038c3d57a88422f0b75602ed7e7b4f6f,src/main,src/test
e31fcdc9e50f5f6a6b38a2a314fbbd091735dc15,src/main,src/test
4b9b1b037059855f5d4bf19f7c96de29408725b1,src/main,src/test
568bc72d8eff33cbbc46da337b1d333320590eb1,src/main,src/test
f619819cb4173c686f66e616fee74ed77b2485bc,src/main,src/test
b2b44a3b1e90f3fca3d85ab80d4c6a572eb7e8bb,src/main,src/test
37828fc073632d90b6fc6dbd78899d76604d06ac,src/main,src/test
b1955591ff2600530856361066b9b60e18ff1714,src/main,src/test
c27511671b07f19c147f7dd52450a9345efef90d,src/main,src/test
1252cc61fb7bbae4b384e9b674198cabad8988b0,src/main,src/test
3fbf5824fe0d4b6d1c5914e403016aaa8afd5dcd,src/main,src/test
53fa8ba81fc0308656fb67030fd4f7993120677f,src/main,src/test
662786e7d3d41a014db73da20f1a9fa4a4a77a6f,src/main,src/test
9fef513497b84f20176814de474a9f408f860e0f,src/main,src/test
2b21a9efe673eca4fa4f443dcd3289e91db80bc9,src/main,src/test
d02976c62d5b7b483d8d2c81481be8c21b05125c,src/main,src/test
09cb162237c3e70b85e1d8ed7afa886971a417e9,src/main,src/test
5b4a036747ae9d97dbb4ba3632c67c257573e90b,src/main,src/test
80b056c8e3172bc4ef775c2db2caab045e7febe2,src/main,src/test
e11f6cb52d5fec07a6cd2e148026bca7e37421dc,src/main,src/test
8a0dbdfc7b0cf58bbccaf691dfe6dacda02b7bb1,src/main,src/test
0ad0c4977f7b1e93036152641042437523de7eb5,src/main,src/test
c5dcd093aa1112f5873d4d926d691ce0f998854b,src/main,src/test
b062b0ed00df00a3f01e53866edfaecf487065ef,src/main,src/test
3ca5dbe0a9f0f734e19f4205df0b13256c296647,src/main,src/test
a118918d14df4d6408e38855edb39d45c638ddbf,src/main,src/test
85eeb5d9ae5a2f0c14fd694a61c6e8d88f37815c,src/main,src/test
f67c1716222919dc589b8bf1f03fc1df042720ed,src/main,src/test
933d8cb389e09cdfbfb8cc856a9eacfd4c862ecb,src/main,src/test
11f400f1475d9e9657d7f8570dc6d3afc7d2941a,src/main,src/test
f3d24c8444da802fdc81940d5687068b980f1567,src/main,src/test
3bb8b8a8c9105d984c71898d3a0002ce1e048454,src/main,src/test
a1dfe9730b592d9ec24ed93a1262e35dbaf44283,src/main,src/test
5791294b7e51757ac54fcdd19943bf211d34e3c3,src/main,src/test
3f14cab73c8c2bcdaaaab7799173f8009cf9b681,src/main,src/test
4e43d66d0359077203061e2bfad8f5b2d637ae78,src/main,src/test
1ee417d42fdc283e3bcfab0eb3a45f796428b01e,src/main,src/test
e88829ad7ec380b1d84ed2d769310ccc568f015c,src/main,src/test
e7d020740f96cf34ecbd4e1bf2fc539b36d7241e,src/main,src/test
6f89644fd5451ef7a8cf2507acde217017412493,src/main,src/test
05a36d2dad869e6558e1cbb6dde0cdcd57e14c13,src/main,src/test
c5e7e6dea0c31ea54ee07dd07d2d67ad33f5c3ee,src/main,src/test
86296bfe73d854601ad68f1c72efca5d8a5eee64,src/main,src/test
06b9b243ce71748609181b6e9f9488621475b8b0,src/main,src/test
7196bea9f6b11c24b1cdff10e6ab99626042500f,src/main,src/test
e7eab48853fd690b5d0c93282429a92e48423574,src/main,src/test
06c4283e36375908d29af960e3cc834309df544b,src/main,src/test
4bce41423eb3b2b78264fad2e62e008420c66dc3,src/main,src/test
f561a4a17bc073dffbb0d4505106d91491b59fb6,src/main,src/test
ee0645d6ec02012f76589ea7d71dd17a0f72fbfa,src/main,src/test
95e4b9a6fca43bab2db28323e6509bb670075ee1,src/main,src/test
5dee19ee645f2f4996acfa1f8fa79c3ab6875f84,src/main,src/test
4c6a8b996ac608251fa63286d6c322251910ca63,src/main,src/test
2c5f6f4e0f7bbcfa566fbc91ee57baf8dd7a371a,src/main,src/test
b133eeec834b73b954781a8c4ac8ac199808dd37,src/main,src/test
993e0c6a6585a538a33cb854f18b99bcaf06f2ad,src/main,src/test
dadd11e57f6098d2c3cd5588a08c63ffa8390c4b,src/main,src/test
09db8e1ce1d2ecf0ad4ad4b0d8335999f42577be,src/main,src/test
23ab583c46a6a20b0c1232ebb91b16d4058c7502,src/main,src/test
79a4b57f2bbe08ce46e6dabb0a8b76f4a787141c,src/main,src/test
a96d27d4c74707965b257b6ecced4d337357545e,src/main,src/test
37eb331acce08142ad027f127c355f9b462fe9e0,src/main,src/test
c2ccf8d4eb1c9ae3372dd0e689c4fe34a8c65a00,src/main,src/test
f0f19a4c924d9db9a1e2830434061c8640092cc0,src/main,src/test
81f38e1985bdfafdbe02e32dfb5ccb200fc64eae,src/main,src/test
2d7683ed820116b77cba9b4b290cd7ce7dfa5cf4,src/main,src/test
b2b63736af8de8bcef64fcab4c4757f5e8f2d93b,src/main,src/test
9df7dec0dfaf5d6b19ef08aa45a2001cb2639ae0,src/main,src/test
730bdade49d7d77cae7de5187ec8ab9088239159,src/main,src/test
3502de0ed0d928516c0751095af62e48f574f803,src/main,src/test
cd3129c9df30580b63a945b42c6092a913d40f00,src/main,src/test
a55e73c6f69ee4dc75ab81d1644d5b4da41bae50,src/main,src/test
91067db79930b61aa63ea4fb3aca143c276eec69,src/main,src/test
737105e583f803a54ebed0b987489676001bd607,src/main,src/test
3b75f464095e68a77318e350e62612e34c6aaef9,src/main,src/test
7d24a77965460f8a6a3f61b3c9b49843e0e1def9,src/main,src/test
8bb0ad312987a2bf839d3fa1dcab3e3fcf4bdbbc,src/main,src/test
eedb6de7442b703c0f0bd9871e87bf1388bcc4f5,src/main,src/test
7cebda943332cec620720fe47dd9ecd7c7edffa4,src/main,src/test
ac88d6619cbd9003444532219ff5f70f5273321f,src/main,src/test
5aba567ed073e836c32c850e1a751955edcce8b7,src/main,src/test
d488416ab0c20f8faf2139601677ac82d5b7ce2b,src/main,src/test
5b5248302ecbc3877695df3dd53b78dfa6aa10be,src/main,src/test
8ffed5c09b334980286f1c79db61050ed797eaf7,src/main,src/test
eb05a1c840bbc423160281db9bb30fb6132640d8,src/main,src/test
51408b837e9bb0119f92c01fc7f31ca743f23f7b,src/main,src/test
4f7255f676db0c5b384395d8caa8321236fec0a7,src/main,src/test
ebc13fdf7060249de3789ea3417de0c0b32d39ff,src/main,src/test
ab84ac9f6fcbd2c88c548bcdfe05a7fd7b11aa6e,src/main,src/test
f64d69d92f4d65574aa44335ad844541ec24a9bd,src/main,src/test
136e5d3a5bb758137001d79fa5f381dceb8a5128,src/main,src/test
fe4babc2afd5ffbcd2ccfda4d1ef76a40f3ac6c2,src/main,src/test
b7aaa516c06c57d906837b481d58fb847ecf1c91,src/main,src/test
b45d29af445c6236335cb94ef67d192fce8bf43e,src/main,src/test
05f77d2103864692b7b20bc1533c1416a66ea3a5,src/main,src/test
b9e5755ace5b07f9e058bbe98d7693b3cabfd07d,src/main,src/test
a6df5db642b1e7ed16cffa50f10b1ae6987b3ae3,src/main,src/test
bac2191d09c697203ba2a85b333355a6b4d29a4a,src/main,src/test
e8b9a283e4ba46ec81d02b60f21270c52d8131c0,src/main,src/test
c57a1cb37f6663b7d3a7d74caafc13b6099b0a50,src/main,src/test
cf1fa0b0ac89ed0f32cb736174e5865ce8677c9d,src/main,src/test
146e4ea199698cb8c767c19fda471d55b0ec71e4,src/main,src/test
2aca89e0b96884704c5d2296c2696240b5c7966c,src/main,src/test
