8c5fd8e3e37881b1e66ae202a807b0d2c7a8bfc9,src/main/java,src/test/java
ea5da00f1a488cdeefe4a20f4be4a63728441df1,src/main/java,src/test/java
1146cf6a605000276d1836603c0281465d33578a,src/main/java,src/test/java
c2801940ef84c3399f3288972dcd0244062e6d40,src/main/java,src/test/java
df5fcca949d114fda714bd35728ef219cec0809f,src/main/java,src/test/java
dcaca39d00f9359e11811ff3d4427fd71173f47e,src/main/java,src/test/java
d7fd760eb8c5ba8dc7bc30fd565575f2547e0c86,src/main/java,src/test/java
86545dab3ed57872ad98b23e46924d67ddad03fc,src/main/java,src/test/java
40bde15b03ace8eab4dd91da65bc383d154769fa,src/main/java,src/test/java
0cc43e36b82f534c84379998101843a5a6f971a8,src/main/java,src/test/java
4d5660ed4706dd69a58c3fc1cea626aa6fc51c18,src/main/java,src/test/java
f1467e45ab538789090f968f549f88bd0b8c26c7,src/main/java,src/test/java
11b1474cec7e74895d1723918299024bd31377d7,src/main/java,src/test/java
6d66a863b5c0049926330ef217accba4e022a1db,src/main/java,src/test/java
c8fc11146f39ce3243fb5360ae148a5a4cb633ce,src/main/java,src/test/java
6d0394d27d570fe3586d5d25ec159e602496b1aa,src/main/java,src/test/java
aa9293caed70d9e2aeaab6d82f24bfd6227a65fa,src/main/java,src/test/java
a626e4ce7e336d5ae19de6f96ec920dccc3999e8,src/main/java,src/test/java
ce96ee600f9956d3e2d0e6ec653dc877a5fe820e,src/main/java,src/test/java
a934dbbb8819f02afb8be26d03141f43798cf910,src/main/java,src/test/java
7cdc540aa6dd90cc4479ce44d033f492637cfcf7,src/main/java,src/test/java
91d280b7300b0f601cd76a880c26784a822f96b8,src/main/java,src/test/java
a0b4394bccb0a19f5e6bd05a75e2f659a7c1a289,src/main/java,src/test/java
cc15aa3895d51255a8af5497e04112c42a8a0ce1,src/main/java,src/test/java
74e699d076bb6a05219132043b819c7b92ea4999,src/main/java,src/test/java
6fb504f32701ea74087559518ecf54bc8ac6ab1b,src/main/java,src/test/java
1e6e14cb5fb1852b9567b8183da8013bd1cd4ca7,src/main/java,src/test/java
b23c8567c3b43f93929b9b43619b97be47e08cb2,src/main/java,src/test/java
25ad33cb9e0c73a0898be36f3dbbf96a5e14efe0,src/main/java,src/test/java
0ee817712b9e8330fdfd6985752aa8f1b25ba9d9,src/main/java,src/test/java
d270055e874148a2742604be36ab977eec030fba,src/main/java,src/test/java
47949e9b95761db19ef2c37321b1f6249c57ec19,src/main/java,src/test/java
92846a67918af5b975391595531334376a8c527a,src/main/java,src/test/java
76ace5792c06da864999374c8a1f0d734d8d5a92,src/main/java,src/test/java
2d1614a2077eab0b981d4a0c4c6e10a7ecda71cf,src/main/java,src/test/java
2188e3126091366df771a6d8a61f799d00326377,src/main/java,src/test/java
2cc9931e2b238f17215210805d26e1035008bf70,src/main/java,src/test/java
fda2af92473092ad96353c4d3173f7372666810f,src/main/java,src/test/java
2e7d1278b18930e4f175c320e82a0f4db697a77e,src/main/java,src/test/java
5b5f84db290450f81cc6b93cad7e7900ef9a6cf2,src/main/java,src/test/java
eea1b0114ab719abff5249f5ec1e1f9b4895aaf1,src/main/java,src/test/java
06c0af5514eae2d8af4979677bc63145289d06ab,src/main/java,src/test/java
9aabf587ca8e613deae405d9de33a7f432a9ac50,src/main/java,src/test/java
ce9c345ef7cb1ded723daa5bb2764b8d2933abfd,src/main/java,src/test/java
2b852d79dc7f2aaac2a4d27da75f9d22e5d1bea2,src/main/java,src/test/java
9cec1ea8d67014b4a45445f6c2d0f5e95772ec31,src/main/java,src/test/java
e4c91be8c9c6d26087081f246e66549208fe0ba5,src/main/java,src/test/java
8c2199df0f613c63bd362303c953cee66712d56c,src/main/java,src/test/java
724795b5513651e1e34fae3904d1b58229ce9c17,src/main/java,src/test/java
4e4e8fad43b1b105395d56d9bae98297d3fefdb1,src/main/java,src/test/java
f83bbc1d68bd457dfccd370afb248126ce031eb6,src/main/java,src/test/java
d18a6b851035818e38637a7b2f60e6f5c6367480,src/main/java,src/test/java
424cbd201ca5969181d68cff99d8b9b77a41cefe,src/main/java,src/test/java
53039d5d04fb5fbf2298e5b090bda97f602e2bda,src/main/java,src/test/java
c75c9e40923d63486df8db26da94d0ed10784d4d,src/main/java,src/test/java
8e14f3716935eb4cfb9e622c6227b80ac180cb88,src/main/java,src/test/java
f636e777079d6fc4dc10ac6f150e156302a71e95,src/main/java,src/test/java
2fd0bbbeec512c34a202fbf7aca781d9d1695a1b,src/main/java,src/test/java
7b9797f4a2dcc0c76f67e28f48f2e4f2c7ced40d,src/main/java,src/test/java
c99413d2e925c6a8fa8132116c7ba985b54f67e4,src/main/java,src/test/java
e7f70e46c9c3e09124f08f4b8fa388cd297b9b6e,src/main/java,src/test/java
55a655ca2bf64e8f916c96d4a891608f97df310a,src/main/java,src/test/java
a51119c0135dd24dd6d1a4d952b8329c2c7dfb1d,src/main/java,src/test/java
f00bd95151792341002bf4e987f403f0124bb323,src/main/java,src/test/java
0d057fc6dc9fac9e16c01e3647c2201281310a6a,src/main/java,src/test/java
5f9169496b538f59f9b288386a261ae386bb4c5f,src/main/java,src/test/java
49444ee6a56caee4eddc32c24dd960dd3195f7fa,src/main/java,src/test/java
408fa3a6afc6c9c843f690d7b837d6328aeec243,src/main/java,src/test/java
73605560b9f0205ac641ec602145756305a41f79,src/main/java,src/test/java
43a6f15a1af977d6bf950dca17ab248e72ad8e95,src/main/java,src/test/java
9cba348d7bbe474ab62b15e43d43dac8893ff1f7,src/main/java,src/test/java
04050f35522f2a6d35a2e11bdfe4cd2997346fa8,src/main/java,src/test/java
2edd83f5f5009f3ceba55f45d17b351effe65414,src/main/java,src/test/java
48dde3784e22e6cf886521e7ae17a327a461688e,src/main/java,src/test/java
573c806be0a515d368cbbd81384520bb98662919,src/main/java,src/test/java
0c0822d658b003cbc5ff0b2048290f1dbb5590b9,src/main/java,src/test/java
95650f86eb397f9e0e0446104eddf301fc82b6c4,src/main/java,src/test/java
08e227ad3a7bc216b8c08cd03eccbdeca8a7bca6,src/main/java,src/test/java
fea4dd914bebc7eb4f2b4ec8086f4241a9bd28e6,src/main/java,src/test/java
cedf0d27f9e9341a9e9fa8a192735a0c2e11be40,src/main/java,src/test/java
185e3033ef43527a729c9dda5d57ed0537921a27,src/main/java,src/test/java
27ab6fab60d420508c92a93f8d8d59c8205a4eb0,src/main/java,src/test/java
42673df5b72ca93fa4dbac6fdb0dec19e0ed6992,src/main/java,src/test/java
b07ecae3d60c4f0233f1a1d97eb35d4a678f39aa,src/main/java,src/test/java
2836a6f9efcd30effe2f1125d47c38f62f96ed09,src/main/java,src/test/java
ace42058d67a52fb362543c5cf5aca64cf8de3e8,src/main/java,src/test/java
c7cfb66633dcadefb316b0df4cef98fa5d147089,src/main/java,src/test/java
250cf6e3669ee3c0cfda5d20761fb1324f594df0,src/main/java,src/test/java
8953bc740206a8f7f8655c82c3f41b4f837c0cee,src/main/java,src/test/java
c0a79b08096e0966e7c42861aa015165817fe58c,src/main/java,src/test/java
f36deaccf22e9593c1ddf3670768af0745859e02,src/main/java,src/test/java
0be09792a0670d0758fbee20659186faa2c0141e,src/main/java,src/test/java
1e40f1f36c96e244d860418db42717c7fd9f4cb9,src/main/java,src/test/java
386ae0156abf57560f14986bb0c276bd8a70e8b2,src/main/java,src/test/java
29a297de44d2f4dcc3d7e2c22c313f51414dab8a,src/main/java,src/test/java
6f806cfe41c88416f4d37e0a85f93bd119719a09,src/main/java,src/test/java
7521e5af345c0e3c1bf567794e332cfce018881e,src/main/java,src/test/java
3f7e2e38ce66b9d1fa902e936d0297b24d7be4e4,src/main/java,src/test/java
77910da210dd4349c83d3455968ce14a2635845d,src/main/java,src/test/java
949ba2c5396cb41176325813dda9255f0cfce143,src/main/java,src/test/java
f64b6a906bc0c939e9c21671c97bc2d997457c1c,src/main/java,src/test/java
4673043763616457113c70219e1950818ced847b,src/main/java,src/test/java
6844aba987aaf32c85a4eb3fba3f6ccf9d7c8db6,src/main/java,src/test/java
46ed0af1c2d274d273b1b3ac89e61e62ba98cefa,src/main/java,src/test/java
dfc6a5c215d914e7774da3f8ac7f064fb98730c8,src/main/java,src/test/java
9e75d6faa92de5d0046f8b5957f9f0bee57e8e3f,src/main/java,src/test/java
e6dc431a6a5135dd64dcb766984074ecfe20abbb,src/main/java,src/test/java
17c50866e06d627387a472693bc475b34770c66b,src/main/java,src/test/java
1d25ac89e365b8b001dec1d844f65b2c10179f56,src/main/java,src/test/java
27178b80c40bc332cfbbc962425e2d77625a59f7,src/main/java,src/test/java
120f6f490ea28c53394059c2c2f55b0c674a3e45,src/main/java,src/test/java
ad7ba6374db994e13c697f735d7f73bf94b66005,src/main/java,src/test/java
ce126bdbc6d3dbc8a3e83e1884999afadee76866,src/main/java,src/test/java
514492efd4b0b443202a721edea5493525fdb289,src/main/java,src/test/java
2a75c2afdc110137d98cc07407beacb31550a4dc,src/main/java,src/test/java
cca05f0c714ed0984826433567f52bf31e90062d,src/main/java,src/test/java
23166ac9c19b2d16c681720f754e5a03b1c9a9a2,src/main/java,src/test/java
5118f5376dc688b4dd7aedea8e3c5b35f68037b8,src/main/java,src/test/java
d3811b134b8987fb02a1e108b4833df6b70f8c94,src/main/java,src/test/java
c2e855d6a05d9a3c18cf66f493728f89dd16ea0f,src/main/java,src/test/java
2a9cbbab467052a523d3d59e3d66cf1ef527fb68,src/main/java,src/test/java
3b6bbf6d2cb86d165620f77cec8336b9050503af,src/main/java,src/test/java
c323480cf6a8dcc9037deb082a2246122c65fb0e,src/main/java,src/test/java
b25f448d2f934c08fc4de4ed11b654c87b218bab,src/main/java,src/test/java
0912bac5201d98af64a832766146797a9d75bb6f,src/main/java,src/test/java
5b9302d5be3c35f6336ebb6b7f6cbfe732761d72,src/main/java,src/test/java
ea138c2da2c7dfd4b7e947fbad8c10d1fda745c2,src/main/java,src/test/java
4a3a3eba60249000a724d139d0cbc74a7ddcfd68,src/main/java,src/test/java
a355d8c20aa19b9a7fa540ead02bc8cd12804b5d,src/main/java,src/test/java
41f74ba65167a7207cd336056d49a181e4ce0c39,src/main/java,src/test/java
4b7c9c9408f0c5c8120ab7db7330479df7438a8b,src/main/java,src/test/java
d1ea9a6fb7c0d1afc2de95db6c61e3321d503c8b,src/main/java,src/test/java
37f8de95424970b85adb179a008bc949202aa3b8,src/main/java,src/test/java
4907b065683d77ac6dcd3d27fe492298442a3cdc,src/main/java,src/test/java
329cf9e8e643160e4da6fd8622aa5a3b3905fb69,src/main/java,src/test/java
bfbb156dfb67cc4b6ad718151323418a9352ce43,src/main/java,src/test/java
678377a1e84797e74daf1f5eb835882af9b172dc,src/main/java,src/test/java
6129654bc2ea25e171e8bc1be534046ca35ed572,src/main/java,src/test/java
eda482d9f90f76cd461b5afebda526badd6e89c9,src/main/java,src/test/java
ad252a8ca3f08b2de70b039a302f3814524141a8,src/main/java,src/test/java
b55e020684e54bd3d339572f1ef3543be360b6eb,src/main/java,src/test/java
5144e1d878297d57aa7e124e73520fce3415ed22,src/main/java,src/test/java
abe53a537b4d19a878e8de3735393e0c4e85aa7e,src/main/java,src/test/java
ce118ef14a28d06f69b571186fdef6670c6d9bb5,src/main/java,src/test/java
c8b8e612430cdc2f54d0bbb3f25f1c956963d99b,src/main/java,src/test/java
51f446bf0c09a0d051341ccec6ae50a0daa1728b,src/main/java,src/test/java
8469bc496c0f6f629b0f6406e11bc8ad5a93b0b4,src/main/java,src/test/java
621bbb8fc7ef562d86e18bbc28c5d4f25a68b442,src/main/java,src/test/java
9e2e73e4ec334756fc221f65ad16192fee121dac,src/main/java,src/test/java
f947c72da7f23b534d568ded6f9b24fe18fe39bf,src/main/java,src/test/java
2d2912e4a1cca5b62d283390c5220ba560b902ae,src/main/java,src/test/java
66dece126a7a3130cc79b44e0527b8b5eea41bcc,src/main/java,src/test/java
ad923872f34675312d7ca774512d2e28e0052501,src/main/java,src/test/java
ac597cc1720cd06840486b309b6deefb09123982,src/main/java,src/test/java
04b34cc1a560fd334c5602c62fc6efdcb8f90581,src/main/java,src/test/java
350f726ce591004a795c3a241540887e79c3c7bc,src/main/java,src/test/java
43c489d7cb189267621c3fe2f2b05a124345add2,src/main/java,src/test/java
67dcc7053330e8221433e723b1e3a70fbb03f100,src/main/java,src/test/java
91d24dcb6f558fdbd0e75875ade025ce81f26c90,src/main/java,src/test/java
7994d3ee9d49098dcffb0c5470714076305e38cf,src/main/java,src/test/java
5add6876dca051fdfcdcd57c9cf65e956a8ec104,src/main/java,src/test/java
5827a6faad6e0b102f9b1e387e0c31dbe6a732cf,src/main/java,src/test/java
c2811e767df538f8ff25d9922d1bcb53792f9b46,src/main/java,src/test/java
0b1a5c141598e9a6c6d95b6b72548ad2798b7e72,src/main/java,src/test/java
b6e62ab83aab52e53a29f8e547f1d934e73b2a9a,src/main/java,src/test/java
4104b213685843ad6644fd02b4f4d92ec537ab8f,src/main/java,src/test/java
6ec0872f2844de1b39d1c00e76ecb963edba35c2,src/main/java,src/test/java
b68fc58a61377d65a3b4b1d405e618dab85cdeec,src/main/java,src/test/java
63a48705a496bf2506121dcddbd8cac2a78f877c,src/main/java,src/test/java
d7c0f27e9fac104f613dcb672c243d3dc7eaf655,src/main/java,src/test/java
a49e443c44766df45d254e13bea377d4133f5ee6,src/main/java,src/test/java
107d7f3ea8db440cb2f0a9d626c87a34ad061bae,src/main/java,src/test/java
6b537b20f98b380ee3ecfd51d09ec8de6aa8c048,src/main/java,src/test/java
574c9abbf2b9311e8678ac4c857241c6328d89b6,src/main/java,src/test/java
0062503cf99a95641cbe11452c9aab047e80871f,src/main/java,src/test/java
b451fdc8e47d231c7f29c74aa5b9f7a7d0e50c9e,src/main/java,src/test/java
31c3a82d4cb252dd874b9882f5520fcf45252c01,src/main/java,src/test/java
6953c29492478bd466d4d174c928a2f54b0db559,src/main/java,src/test/java
072851608e93ceaa20674cd941df5db992f6f3fd,src/main/java,src/test/java
a201eaf582c1eef82851ebf6083647f8b6641490,src/main/java,src/test/java
a05022cbab551c0185ef026bd6fd21f446ac0911,src/main/java,src/test/java
d607d9323cb01890feac071dab2934864422243c,src/main/java,src/test/java
aad388f4b4ff6792f3c43046010a7541120ec373,src/main/java,src/test/java
b8d454adb4207e6886a9b6d48c5c4a0948a864ce,src/main/java,src/test/java
6eb4655543213e988ff01098d0954e70bc8699b2,src/main/java,src/test/java
607c9ec626ae23ac6bbca72afede4037ecb495d7,src/main/java,src/test/java
5cdd5e950c15b7e641189891e59719948019f6e5,src/main/java,src/test/java
f2187efaf00a9b3a9421d535e20598868c06ca21,src/main/java,src/test/java
d182f07d6aa3e2e9685a126da5953fe7f0d8206c,src/main/java,src/test/java
52eb62e4dd78d7f75b44e37c245061d6506c93ae,src/main/java,src/test/java
b30f3d55562471055862c3be42fb3a1a5c5d341a,src/main/java,src/test/java
07d05a070c3c2cfbc64bcb138de6012786919202,src/main/java,src/test/java
31217dfcb2da1c8b0af6f94bf6346987599e7783,src/main/java,src/test/java
069590396c90a47773dce88316d3eca2c7862a14,src/main/java,src/test/java
6ffc68337fb475d9423ba028e5b4caf78dd805ce,src/main/java,src/test/java
534c5fe89f6bfced4db2a991f9d1e5650e43b8d8,src/main/java,src/test/java
ddd5f1a5e951525c013077b8ec9b4c12c482eff4,src/main/java,src/test/java
a40ad8af53e6607a1dec7364cb9fdca03ac44b59,src/main/java,src/test/java
33169dcf75724f6190b5c14148553b52899936e0,src/main/java,src/test/java
09d7f9a7b88ca4a41f1644c5c8fe3184d6151bbe,src/main/java,src/test/java
118e94b5e981f6e1fd4ccdf41c80677fd972d030,src/main/java,src/test/java
bbf926511f74a3e7fd0bc8714ca3126ac8d3a4b1,src/main/java,src/test/java
290002cb887c1da64da293c390e40905629fcd31,src/main/java,src/test/java
8ed5527ee0404240865c84443f19349212511c1b,src/main/java,src/test/java
47635bdb4ac2464f8a9f8429cc25ee1b1165ef98,src/main/java,src/test/java
a567246d1e41cbd2eeef1cd795c8d46cc51a7ffe,src/main/java,src/test/java
ebb3d8441054fee1d327b4010c1f0defd8222ffa,src/main/java,src/test/java
c7b488ff701e5be213c77d115f4e4bfeeb8bffb6,src/main/java,src/test/java
30c4a5bea5c973b34e9063341199866d09e84917,src/main/java,src/test/java
24c940f0b50ffee730168cbb45f314e1c2ec73e3,src/main/java,src/test/java
129e53d466a78a57711cd3635c0f5ee74dca38fc,src/main/java,src/test/java
7f97d1399bd03e0540c949aa486a62dfacb3db86,src/main/java,src/test/java
ab58ea0f84ca91922740fc6692a41664f32caf38,src/main/java,src/test/java
282f7175a4d8944e4744cdc8307e58b1efd19e72,src/main/java,src/test/java
3a08bfa6d8f4260c133d2b0054c0e4cad592b03c,src/main/java,src/test/java
8f423828e0d9f34896f87d803c559adf2d953f30,src/main/java,src/test/java
dd6cefb0ccb596d0597e2a9991766e109153ab25,src/main/java,src/test/java
35474152116f4fe1ca86fd03d94d9fd3a1e9b2d9,src/main/java,src/test/java
bf6aa3118ef1921ac50e29aa36018dd81d2675d0,src/main/java,src/test/java
833111b2e81ae248f6ba38553a0dd7568d438439,src/main/java,src/test/java
ecf317f16ecfcee1dc59ebb8d48e3ccd6d080e58,src/main/java,src/test/java
450456208cf75b865fd3c0878b6b4f70f6b329b1,src/main/java,src/test/java
3c4cb189cc91c5ca78cab3ba95dc82bee715d39a,src/main/java,src/test/java
c8f373fa5c17cd35e5a24cf4c44649b6e91f1d77,src/main/java,src/test/java
f700aeba3e2f05c8bd4618354be9b3f17707252a,src/main/java,src/test/java
460839bd6110248e85a1a8927a0a060977b05e0b,src/main/java,src/test/java
58a204274e8010cb535b385a9cfebf0cc283aba5,src/main/java,src/test/java
b0146fbe53a7c9726ef0e428e3589320791535ce,src/main/java,src/test/java
de12e28789bd8bc2e213530150cdec6fa41410ef,src/main/java,src/test/java
0d61a96330afa923801c585c7d60be48b26e99b2,src/main/java,src/test/java
ebadb558aaac32dd82e1355a915d42c521a3e740,src/main/java,src/test/java
6c6d54e80e9d7f9fcd71c0a4c0a60336e4bc057c,src/main/java,src/test/java
e1ee1ce8a0d5b461b94e2591a09351b559a91d19,src/main/java,src/test/java
6eadae1ee2f3c3361ec8c6af3dba4f3805273194,src/main/java,src/test/java
371b7ce0330c5abbbd19fa82ce59c9bdedc53ed8,src/main/java,src/test/java
f81d4ff3a0a38839b415f6ba6699e729fce98245,src/main/java,src/test/java
c016eb832b7ceedadcce85fb8fc7864611d7a0ef,src/main/java,src/test/java
b9ca51f09f38e5a4d73bcdafd09080c91670379c,src/main/java,src/test/java
97826e417774d9081b9b01e6f158e023a90fab76,src/main/java,src/test/java
20fa2579ec2d60a65fa405260e977f27e1967380,src/main/java,src/test/java
3160b5c5cc631b731a2b31af0239586c913033fd,src/main/java,src/test/java
abb99f4d0d0033ce3bf5f119b6c77a872efa54a5,src/main/java,src/test/java
ef6887f87037cce8f72c6beb233cca8b9b959ff8,src/main/java,src/test/java
c0e8de1ff0bb67e2e55d673d4cd3b234905703dc,src/main/java,src/test/java
a5cf43289f7f0cea67b7136fff715ca3872bc843,src/main/java,src/test/java
8a83581eaf0fb46000ffe3093b8b4152dcc18b91,src/main/java,src/test/java
98bfd27d631d2fc697a72e4ade6bffcbae83b79e,src/main/java,src/test/java
57a0248da2129e0a2244385a4574d7434682f3f0,src/main/java,src/test/java
c0aa57b1be184b67fa7519a9739c25194ca5c786,src/main/java,src/test/java
72827394225ce8406c37b8d951b1584034088058,src/main/java,src/test/java
e300c944ed377cf30de2ccb07e70a09d7c15334d,src/main/java,src/test/java
7dc0c33e7c50bbfe160f72cdc71ea18ae731eaea,src/main/java,src/test/java
95d15eff45cfcf40871d950c8ffecba2d95d63f9,src/main/java,src/test/java
6f0c74e62a644c378cd17b9db15f65a34fb9d49e,src/main/java,src/test/java
58133c861282c9107e9b62ca41bf97b93af4c8b7,src/main/java,src/test/java
a04a6c16c6f28febfcfb746c40f38dd79c9348f7,src/main/java,src/test/java
5191e1ddc8305ce1f23c88f90c33f062396022b3,src/main/java,src/test/java
427ba1c6d3515c721e6d435753b8b22d973dfb77,src/main/java,src/test/java
7ef57fba61a5f5e0cae07ec08029961723511dcf,src/main/java,src/test/java
1f9d49ec71077eb2fcab64fc0bd4c61a6a865041,src/main/java,src/test/java
a21d5ae301df6432b0ed6dec848f59e6545cbed8,src/main/java,src/test/java
0093f7b0a2a9e06ec5b5e1e551676269171c3e3d,src/main/java,src/test/java
9c8bb93443a6e5c2e1261dc5780ebb3f20bcbd58,src/main/java,src/test/java
d277738885e78a9339f12ebf10c3c26eb538c1cf,src/main/java,src/test/java
ead76ad6aceb93de5bcef423ace01650f0558804,src/main/java,src/test/java
1352a70f26cc1aafa29258f28ad4167392b97bd8,src/main/java,src/test/java
fe1b30b58958ff95d01bc56e64c0f81294c36ac8,src/main/java,src/test/java
cc7d2ff3ca952bc3489a0ff0fad04f5a1543ae20,src/main/java,src/test/java
a51152cc9eeeb36e7efcaa126edb50f59058c845,src/main/java,src/test/java
d45a10927e19f3917c30bfa92ac1d34d0ab24808,src/main/java,src/test/java
e994c42a8e20991920a3411472a6be3c3dde5a3d,src/main/java,src/test/java
eba07dbc4e99d12007d36d87a905bc49e14ed67a,src/main/java,src/test/java
f880c83e06411b15eb3577a145f035e11b6ca408,src/main/java,src/test/java
b2e24119bcb10131f765ba062d933a574cc13c7a,src/main/java,src/test/java
02d7cea111cfe0bebba42d1c030dadd1b82036db,src/main/java,src/test/java
b241c3962faa9b71726ce47d9315c2af0d5c8ad7,src/main/java,src/test/java
faa7785779c79578e38336853cb9de5abfae4813,src/main/java,src/test/java
d099c7c3436bd43094e7b3087c64e0552cfbec5b,src/main/java,src/test/java
3f645310b52358ebdd36e8afa0f8ee98aadfabdd,src/main/java,src/test/java
f14fdb5447f4ed1e103db2cecc148f391294f342,src/main/java,src/test/java
f656676e3a9a9611c368d1da462ed0ce5c93308d,src/main/java,src/test/java
2b6b5bedbbfc914f19c6c54839b3b6f68c12cad6,src/main/java,src/test/java
c40763f0c7e7ca488f57f9b67207c1ee2d85ca91,src/main/java,src/test/java
118f0cc0856afa4c61113fe5a742d11bc35a34d1,src/main/java,src/test/java
f4e3854e2f5c7cab54ab73d6e04006cd22f7e047,src/main/java,src/test/java
92790191d091c7d01e8f227def0ce168497b5b49,src/main/java,src/test/java
6d877485ed001c609de972d6e88720511665afb2,src/main/java,src/test/java
645d642b8fe7c723cb13788a723c298106ea8d18,src/main/java,src/test/java
9591a91f45ce63a964327d9429074418939fe29b,src/main/java,src/test/java
5d699563b14402c410e32bc4b175419c18993918,src/main/java,src/test/java
ea13fac8769f59ffbb67ba63b851d33a182282a9,src/main/java,src/test/java
3ad3a1fa41d3973b21b6c01525b24c7b9f489022,src/main/java,src/test/java
70667484eb1bf37559fda0eea8632ea6b3dd9f4c,src/main/java,src/test/java
87f0f14381f9070b88720b5a0a43292dadb7deb9,src/main/java,src/test/java
7231b6fe8ec374ab74c60dcea62f7f43b548ce3a,src/main/java,src/test/java
ae22813ab1d3d538c003b5ea4f39d3bb6e760c9a,src/main/java,src/test/java
5ba1f1c695e27d3d97ba713a4eb29bbcaa076da5,src/main/java,src/test/java
3fe903b7e2375b05038c5faf9a1c9ea1e5562011,src/main/java,src/test/java
e0385f30bf8dc2774478c3f4cf40b9d158d13640,src/main/java,src/test/java
6a5a4c8ca044628a69bb3e25a02d622f96d44d2f,src/main/java,src/test/java
41df7f7f3ec1c00835568d089b191a0f868a8e85,src/main/java,src/test/java
f7be1dc6ace53b3d3bd27f617a68c71161d9c6ed,src/main/java,src/test/java
3e6a8820703bbdeb97825db66daecf5c4410bde6,src/main/java,src/test/java
7980a24266d463bacc8f1271a83865a7d5638891,src/main/java,src/test/java
004b8958d7dcf5e6054400a154b82d993b63d93b,src/main/java,src/test/java
5e6389761c6575f815a5ac91a22c4ecc48596729,src/main/java,src/test/java
ef6e9008270fcb8775f5887c24fcc243031074aa,src/main/java,src/test/java
cbb10701a763a000b4311ec290baae0ee2732ac0,src/main/java,src/test/java
4471616be7698f6731aaf88cb860fbbf2586b293,src/main/java,src/test/java
ba15d2764e831f2ccc3c18555c3afbb14bf5d2e2,src/main/java,src/test/java
8162c7428bdbc5e6ef6264fdc7255315e52e395b,src/main/java,src/test/java
112b49642030fb158312e700e529c094673efd7f,src/main/java,src/test/java
c1b1b191e0010f49e72ec4e8c04713c496fef469,src/main/java,src/test/java
33d4b224a6acd5fb07dc2b5616dd61e29e826fb2,src/main/java,src/test/java
32b0f7336b7627bc6e471a1091dfb2712b613eee,src/main/java,src/test/java
97b440fc8e6ce8129bc2c32f23ac4d43a5d012fa,src/main/java,src/test/java
6a895ec220feeae0a8798169290c8777ab4fddfc,src/main/java,src/test/java
f78206e0658d13a73f6776779139b3ee5bd62528,src/main/java,src/test/java
c0b4954297ce01b64487c09a1dcfcc0124f7053b,src/main/java,src/test/java
681943d4f2fac25a5c0bce2f2f7c34171b162471,src/main/java,src/test/java
1ef23c7fb55f7eafcf2593070a82887d0bce586e,src/main/java,src/test/java
39cf1b2db08bc45ca66863f6e62d6307e35b0e0c,src/main/java,src/test/java
12e8303868d3e040f3feaa452815506a7cac684e,src/main/java,src/test/java
b6ee25c1e18e27ed40b61d16ce640587e8104214,src/main/java,src/test/java
f9ea0c63a020a33e255d69f9ba470c542e58e7dd,src/main/java,src/test/java
6ff4630b25657736094b0bebfe443881c66aef66,src/main/java,src/test/java
69138ab18de0b84e0a8ec4a194cd116b7cc4e1ad,src/main/java,src/test/java
c5f349b12a6800dc1664317024269596e8b0305f,src/main/java,src/test/java
22e68e3efe72371fc8d47797715d78c750c80964,src/main/java,src/test/java
817f068f43689df6401b05f111acbdaa17ca44cd,src/main/java,src/test/java
78c368544deba27f47ebc1643f7eecdad4c59788,src/main/java,src/test/java
7ec9cd0d126c6eefe1ad54641cc23088ad571bd8,src/main/java,src/test/java
1f0c4c94514e40479aedf6ed41b2c88a44dfbe33,src/main/java,src/test/java
6c9487d625655fad85b9aca52575e6f09a03daaa,src/main/java,src/test/java
290621a86032456321f7e464cb33dbbea467d60d,src/main/java,src/test/java
ed44e8213fbe92a4196270bb174d8aeca5634f12,src/main/java,src/test/java
f18228dc45b34becf379e190cb8a9bf887252a87,src/main/java,src/test/java
7c6dd40b330d85ae718e867c4d5cee0b1c4f317b,src/main/java,src/test/java
6983d81680483705c0e2cf4d62b15feba4e6e3ab,src/main/java,src/test/java
190b6716ee8ac87d9f13146e0ff9cc670395deb6,src/main/java,src/test/java
9edd2f24d77bfa5ea23688fc913a030c7cb6dcc7,src/main/java,src/test/java
58faa3eeb72c552a7c8cc449e895786fe3f87982,src/main/java,src/test/java
2dc556649e6c3bd545a73999e3bd8666c79c6d16,src/main/java,src/test/java
565b6b527fd62a97fb9f8ded6c75b97f595cb33f,src/main/java,src/test/java
ebc61de97f41e6beabb07c8418dc1ab2cf5e5ce3,src/main/java,src/test/java
d451a1fb921f7dec1bde47a05a37fbed4df5a1ba,src/main/java,src/test/java
334c01e6eba6ef9ce263577f63f2094fc98c2c81,src/main/java,src/test/java
33c0778d9081f5fd4661980239e990e1c48d3a79,src/main/java,src/test/java
cae2a845fa465261cdbaa1604e1f839d6e89bbbc,src/main/java,src/test/java
3defe7345d95fc5d4741b1990d1a5debd2800d8d,src/main/java,src/test/java
8b41800046f1d336865b48ea4bc65522ebb3e6ea,src/main/java,src/test/java
b42223e931116ad3e8a1b3b3451d6bb14b8af82f,src/main/java,src/test/java
98556fedcce9e7e4375f994cc171d4803e6c0ee9,src/main/java,src/test/java
d2d9d32f794586fc5f1307f5afb9a0f399725869,src/main/java,src/test/java
b468defc676cddd3af2953f5e033f449d9cc661d,src/main/java,src/test/java
af33f7c7efadfb02899f38d4371e599c1ec7e1ed,src/main/java,src/test/java
d4283bbd1db6965774446e0d101c52757e281a73,src/main/java,src/test/java
97b54ad87ffd559893dc6555196d9e3afa756461,src/main/java,src/test/java
262fe4c088036994607ba1d35d676deb500e2ea3,src/main/java,src/test/java
2123f7805b1b7aa7f6651f96342e7ef188ff763e,src/main/java,src/test/java
b8ed51d4a0384c1157ec5ca2fea73d880b9f4a81,src/main/java,src/test/java
fe761c28ceca03d859ec34273798d67d85bd704b,src/main/java,src/test/java
c005c8d4da25a68f51691d8d5be818e8566c4ceb,src/main/java,src/test/java
57e2712f50eec586fc5e46fcf9eba139f82af97a,src/main/java,src/test/java
fadef0867e8f9c5696c282146f192d8d4eb05d9e,src/main/java,src/test/java
3b753d7d00d1a623d12a03eabd322e9211b0bb82,src/main/java,src/test/java
b5a03457a549ce93f8d007a2d4eaf61658bf7a46,src/main/java,src/test/java
046a2ed6db5c65b5afd59b2a117b6a97c7df2108,src/main/java,src/test/java
72858b844718a263dec4e10514bc9dc080508f1e,src/main/java,src/test/java
94415d4462a40eb8d649abc4227dfc47ce08dce8,src/main/java,src/test/java
61c5342b50312a5afbfec818595559f2ceff8612,src/main/java,src/test/java
7d738dc35233fb8e82159e52da1e616e0ed93fdf,src/main/java,src/test/java
88bd54a42296691016eb4360880f60aec80cf7b1,src/main/java,src/test/java
58d18852834e792878fc9205c605822891498c4b,src/main/java,src/test/java
e84687da98058d7be1acf47dc18b2bb7d9b871ca,src/main/java,src/test/java
9dfd54ef0fbab9965e7c141f7a543c6430d39a5f,src/main/java,src/test/java
e00a9b226f453096f700af2521b2c1fcefb7629b,src/main/java,src/test/java
54f921553b5bf617f6e165b2d57e61b2d92e2f7f,src/main/java,src/test/java
dbb142bc5a4019bdff411a007b75decd753016eb,src/main/java,src/test/java
0a853fd5a785f17fa3dc6e3b4a49aee50a1ec197,src/main/java,src/test/java
026fb14740430eb2249959134764b8a8ba8c54e8,src/main/java,src/test/java
e12caa8de164261e29b4d0c045e6aad6cf28a0e6,src/main/java,src/test/java
35d78323b248501dd90bc40c4512a9b879c513c2,src/main/java,src/test/java
45ec0d393fc2c7ad316ea2d264873a5f4e7e420e,src/main/java,src/test/java
8ef3dd026948f251afb1b734b965c62d03d913ff,src/main/java,src/test/java
d84695d151239d1425883c43364bc7c8170c29c0,src/main/java,src/test/java
c7f092e022e1075cead5a76d4346b9df0642d6e9,src/main/java,src/test/java
1df5ae529c2e21a9ba87ba8a2701994a4c6a3d75,src/main/java,src/test/java
ec6dbad43a1f82f61ec6dbd43fd7766e92762e52,src/main/java,src/test/java
47e0ef5d2e1d3b526db5996089f186918384ac43,src/main/java,src/test/java
fc409e886d2f2b08e543dbb1cb40a33104cdb274,src/main/java,src/test/java
13e5edb1b92974da02a10f56f7803be56d969445,src/main/java,src/test/java
b278d97dce8ed3f486722f4faa12753def872937,src/main/java,src/test/java
a3c552e3245b1211f60f4b8f08a259054b768c6a,src/main/java,src/test/java
133cbc2dbfe596eeca203ecc43c81035c05ee684,src/main/java,src/test/java
2394a774051d8a4ba0878b681ac3e475c406fb0d,src/main/java,src/test/java
71b826accdae6d64231b72a68d8f8449741132a2,src/main/java,src/test/java
fbbb96eb1784f1e7f8ac1ffc5c66fffa227206b2,src/main/java,src/test/java
328513f3adbcb683aebda8f1b38a0cb14d33de4e,src/main/java,src/test/java
ba0cf0e41b9d170d649f567fe8c65895eac182c8,src/main/java,src/test/java
3f53445d1173ae53cf07d056f8b6cbf5dc5afff0,src/main/java,src/test/java
368f17d194d3d03c73cc459f1af6fcc1a1b7d598,src/main/java,src/test/java
33959a8a4ea1b5df219afe0c0296752deceef78b,src/main/java,src/test/java
e1852db1cffa808714be88c48d7d23b048e9f76f,src/main/java,src/test/java
35a0923edfe498c58bfb1e86099fed85fde0c353,src/main/java,src/test/java
b6bf8f418ade5fc981f66109c0a2e5af512ac9c0,src/main/java,src/test/java
73a227619d6671f69f9dcfb614f1b6abd83e2d62,src/main/java,src/test/java
26a610776cefacb898994e8e4ea493b6b1263022,src/main/java,src/test/java
11fd051ad8d0808856d7093db5407993a47af11f,src/main/java,src/test/java
5f705bb1b03f5b4c1f0b2dc84978591eb09f6e72,src/main/java,src/test/java
311229c30c188877dd362a743f9ecc536da06d78,src/main/java,src/test/java
91e5a8b7ce8fd4a56a6b1b510e65282f6a980929,src/main/java,src/test/java
183252a6f06fecc379e3a3898fa99237bebf3c1a,src/main/java,src/test/java
4f1dba40f5abc43615e231303fe93b370f3ae824,src/main/java,src/test/java
26c1c29575499d622fc026fcbf40fde3c210d6d9,src/main/java,src/test/java
5a2bf9c6570a96383386039cd4ab7aa0c8a0b7eb,src/main/java,src/test/java
2a8db688b1031ede4feab1351714144a6ec5e9ff,src/main/java,src/test/java
80e44be308a611d1353997332a50e1217503c2c9,src/main/java,src/test/java
cc53a6aa67414915ab5adf80819ed5e751a9e8f2,src/main/java,src/test/java
c109e906d3448a83c10fb8b1ae3f5e7ee90e5e16,src/main/java,src/test/java
ae7dc2aa99b14bbe12945179e55bfae1030dd54e,src/main/java,src/test/java
c5b908a195fc775717eb2443d4b262b1417460fe,src/main/java,src/test/java
21ece86385185cdef31e239ae275dca08e1ba3ab,src/main/java,src/test/java
946995ac1621c46f7a2c647003d49222e2f91f02,src/main/java,src/test/java
97e89cdd7acc6f330240e2cf9c9007af4311be4b,src/main/java,src/test/java
3729cef21aa0bf41df1f39d2cc9cf6dd90144cc8,src/main/java,src/test/java
093d8d914ab1af80e08551382e6053430ecf7f89,src/main/java,src/test/java
e4caa054a07dbc5c166698ef2a33f6559bd705c2,src/main/java,src/test/java
b0bd0cdc9cbe8fb51219253b047fe317f695a249,src/main/java,src/test/java
517855fe74a936605d07717a4749182479cd53ab,src/main/java,src/test/java
81ba9842e5d85aca7bc7b26b01626407899654ac,src/main/java,src/test/java
64a0eee333ebd675d54a57f348fee0cc06404c56,src/main/java,src/test/java
0e90dd494b074f849dd56937ef23a0dc24ad5261,src/main/java,src/test/java
168139c1615b9ceb1f5ac84ddb5cbdae702283ec,src/main/java,src/test/java
73a8e5d165e7f61b936322b0717f894dd823d855,src/main/java,src/test/java
0900d78b9a6df09bfb354c4002e51450b4788238,src/main/java,src/test/java
c1d889840c0ca3caf107c0c23c97848be4ee783f,src/main/java,src/test/java
d6c0ad9a2c47408922f53d09d64af735f5f318f0,src/main/java,src/test/java
bd77d3cff258538d4847b1a29cf09bbdc1b1d861,src/main/java,src/test/java
a507a4eca62847efbb9c13c3b73e7bc58791858a,src/main/java,src/test/java
0089ff79b81e25af35613832543475e16db10050,src/main/java,src/test/java
3719af9ea288f76cfbaf0c9b6d9b0b04faddc146,src/main/java,src/test/java
6ad3d5edf1228825ec1ca6b77bf0fef42b396730,src/main/java,src/test/java
8c14d78cee0c7f74998c63bb55382f2d555c03a8,src/main/java,src/test/java
48f925acfe335fa0cbe747c10dc52a8a50e567bd,src/main/java,src/test/java
6d6649ef6932053a9cb1854cec65b60b1e445999,src/main/java,src/test/java
30d4ad86064c749ced4579cb5602f90c1d7ac80c,src/main/java,src/test/java
5cd31fd1be27ef454e1bb501cad7be7ff865b5ae,src/main/java,src/test/java
d052e159a9869acf1c6f9c6fbb8276bc044bdad4,src/main/java,src/test/java
0e1dc43ecdee48fc142199c4db379905651ddaab,src/main/java,src/test/java
a4b1948b7cb476d17d38b324fe46a60be4104490,src/main/java,src/test/java
ff3c66cbc79925db68aafcd2498b017dae5dd504,src/main/java,src/test/java
fa4135a04857ed0fca64f27cb5e2a8b88b70c7c3,src/main/java,src/test/java
c8e8d8de18cad6566442c138b5a6627127102bfb,src/main/java,src/test/java
787d654a6067e71c23e649a69f026d4ec787ba41,src/main/java,src/test/java
618f2f80ca55d75354ba906ea8067c3386dabbd9,src/main/java,src/test/java
7578f0f6a0f083eda45613fca4440a8a40eb816f,src/main/java,src/test/java
bef6c1869977f144c170a751d6a5cb1575d55fdf,src/main/java,src/test/java
81d30ccd16f7cefeac54bdac2d907a542bc6bbb1,src/main/java,src/test/java
75bf8e330e1c87c28843a3eef1d18525668b5026,src/main/java,src/test/java
c96c12f79769c006f97307c85a9fa95b51e1f32a,src/main/java,src/test/java
49792e27a5bc0363aa5531f2b538532cacc2d8a9,src/main/java,src/test/java
f85dc5760b6acdf18f0bb96a906e77a286a65b5e,src/main/java,src/test/java
b6f92546451fecbd207b2d67e0854fe1e8ce27e0,src/main/java,src/test/java
71d916f096c205c89dd4242345903adc4b09ca7e,src/main/java,src/test/java
d54330b9bc4fdc55603e947b87375c22d649dfcf,src/main/java,src/test/java
0615bf8dc027bc72f1bda3395a640f5bd96b99a1,src/main/java,src/test/java
5fe9b36c454f8a38416a96455da6ffeadbbe8a37,src/main/java,src/test/java
30fd555f2711da72ae0ba920aaee473e62901afa,src/main/java,src/test/java
f101eb4c2a37a18a513b879e4b31918da5af65ae,src/main/java,src/test/java
215cebe8df5e445db392a6db3c2509634ffb9cb5,src/main/java,src/test/java
ae78e16c8b232a252e29f53cf33cd61899e0b80d,src/main/java,src/test/java
44eff7b3e82efff71595a97d390fae538ba36b13,src/main/java,src/test/java
60f2c6d5f4b8cfdb1a0b12870c2f6e3911daf09e,src/main/java,src/test/java
cbea7bad84cbab46d28387c0bfcfcd8a287ca565,src/main/java,src/test/java
b1676aecb4e9980d35797c5ef18f7b0582ae25fb,src/main/java,src/test/java
3859aa17cfce95ac1a02a3e9092535713192d299,src/main/java,src/test/java
22d63af83d508d170c4f6da52a69bc60be098764,src/main/java,src/test/java
1b238344cd2c311fc68d998043602320c5f11970,src/main/java,src/test/java
53ccce4ac16015b47a54a8989bea99efd6a0f044,src/main/java,src/test/java
ef74a8366bec45ba530aec476ad12897037f429a,src/main/java,src/test/java
1ec00befad424a8f340f73da32b8dae3581c2b18,src/main/java,src/test/java
daa37ac393c6201ceea11c732da5d5b31dfcee2b,src/main/java,src/test/java
b176f5f469c972477d7426ac622d4b772333b4c8,src/main/java,src/test/java
de001e7bcf9acb761047bdcf40f48244f8b63642,src/main/java,src/test/java
9714ffac6dbb6b478bfa777375100e32f05d284b,src/main/java,src/test/java
3bf8140d6524bb3bccea64f8ca57da1f9b769546,src/main/java,src/test/java
c6d53a52582d2d4c6fdec7a5f1a8cbee16db0e65,src/main/java,src/test/java
4b9b7585dcfb93bc027f6e08931100edee6a00b8,src/main/java,src/test/java
df74650ec2bb10d4a9bd0134efbcb4d0610a4908,src/main/java,src/test/java
4cc9a49db12026d043824fbad036918189b43fe8,src/main/java,src/test/java
bde7476da59a35c07383ce3cd6abdf9a7f42b887,src/main/java,src/test/java
0b7b9257fba7f77bda69f004bcea11c1ee9707ae,src/main/java,src/test/java
8232bfbdedede1e3cc875b3164eda6ad37c19b63,src/main/java,src/test/java
51aa6e6ca29a8265784c037bc3a42455329ee4ab,src/main/java,src/test/java
b625ebe85b1a5d9bc4169b9544e09ea9a287d017,src/main/java,src/test/java
dbb5bb4968a54099f6d15d0186503a93412e5feb,src/main/java,src/test/java
eb504310eee46f979b1a4557a11172ae434a4b74,src/main/java,src/test/java
820915c236e6a8a9e73ba9a6c13ecaa005e6293f,src/main/java,src/test/java
aba7e04d4430e2f9786b97d19a22ccb536419687,src/main/java,src/test/java
df60792d6f00deb7bc77a909b853f36df02f8e55,src/main/java,src/test/java
1e7592fd599c25babce3bb019de14e640eb5f785,src/main/java,src/test/java
89ec5debd582fb0af1667ceea7339430fad6431b,src/main/java,src/test/java
7584e481bffc5a5ffb8673b0cb869b56c73d3b87,src/main/java,src/test/java
fc5606177f0158f72e093b66a7e35c675c84c92e,src/main/java,src/test/java
44f6b8b20f0ed5bf1965ef575b9ad30bd4f8b256,src/main/java,src/test/java
495f04bcda902b73118cc6b30afd36465762b259,src/main/java,src/test/java
bfe4623c65d5481db86b25db84523569c60ff10c,src/main/java,src/test/java
9f631fecc80e69a15db3f92e3301fed9836ec8e3,src/main/java,src/test/java
f119c3a5472f2d998bb5eac12cdc6b4afba2b811,src/main/java,src/test/java
bb38a224ebd20c62d01ca12f2156d1c3c33a8ee2,src/main/java,src/test/java
30c9e8c111f0e49acb8e9e7f6119230844fe1ee3,src/main/java,src/test/java
25c9e050afb8ecf737d68708b6968b8989d1870e,src/main/java,src/test/java
a46c441cec45b72d0716c2ca9a3ca4bd47506d6f,src/main/java,src/test/java
6b4085c327102d1479fa08e3d60af9ef0fc1c73a,src/main/java,src/test/java
19f58cfa37a40cb9a52d3b6e02577eadab4edc81,src/main/java,src/test/java
31fef8fab1db1629eda5a118ad8669acee10f4f7,src/main/java,src/test/java
784e4f69ec67d511a0620a2b030688f186ebb959,src/main/java,src/test/java
b3777d116ef961d0f1f3bb5575e3856668e48d81,src/main/java,src/test/java
c640932de203b33683679879cdf4b1b637d473d3,src/main/java,src/test/java
97ab3822cc0dc20568724abfe72a018f35ec14cb,src/main/java,src/test/java
7adf364d601c419750a2eb3d1f7b6cb865147962,src/main/java,src/test/java
6d6d96df6962eca7710c551c8aea306fd29aa491,src/main/java,src/test/java
7572385a7e595c72856124485f1ec088df929975,src/main/java,src/test/java
962315ba9322bb96d5b1941c4272501cc7cc050e,src/main/java,src/test/java
1a637a4458443361f50b77b085bda23162ddf818,src/main/java,src/test/java
d4b02f6a3a90cb468731d6156d571d284bd070b1,src/main/java,src/test/java
730e17083e45c6fa8015d47a79263aee416035ca,src/main/java,src/test/java
92f005ad13c989d70da393072c4f3d66798e4a1b,src/main/java,src/test/java
e3f28223adf26c639a158662019ca9cf63c90230,src/main/java,src/test/java
abfacd6d14758ae1e9b1475a7699118bc3e32f0d,src/main/java,src/test/java
6f54422e966a95df227212dee651be837f1a6b56,src/main/java,src/test/java
4039a1446040821a29d0f267b65d379cd1b782d2,src/main/java,src/test/java
9fdb08438309b08715112cae8aa2dd4af3d75705,src/main/java,src/test/java
24e05bf7e94edc4eca020a685010246b8b7788d1,src/main/java,src/test/java
24218a5278ca3d99c209efc990d16048e29c8536,src/main/java,src/test/java
eb74f8f418f9da4adb52628fe775022efc4b0467,src/main/java,src/test/java
bb005b56ca0739c4c212804ba7a483c8164e78f1,src/main/java,src/test/java
252aab4b1876af61af0656742fed165aad85c123,src/main/java,src/test/java
3a15d8cef20bdea0fd76e4a5464f9584aff9eff3,src/main/java,src/test/java
2c83cdc53782662168f74c202dc5268426218a3a,src/main/java,src/test/java
8f3849b986f6b57e868fab5b6d0cae97e3d95c73,src/main/java,src/test/java
58f8b21d3587e1419f0a421731280f84a8c0afe4,src/main/java,src/test/java
f4a4464beea8118386b84bace4b08e6c16443dab,src/main/java,src/test/java
c1f60119d5fc79c70cbb8d9322f6d9086046710f,src/main/java,src/test/java
173f7da3ed821c371e4369a89a53c21d529446db,src/main/java,src/test/java
55467035a7e64c6217e1e7c9fa79fc407f7e5d6a,src/main/java,src/test/java
c463b1702a1283b1a881929c17cb177291ac6b78,src/main/java,src/test/java
43d9752f37181396f2cf993bae792521a3f8db00,src/main/java,src/test/java
4db8545921e985121330467208eaf0a10e1c9f93,src/main/java,src/test/java
7d81702ace2819d326bbe49c8249cae60850cc0c,src/main/java,src/test/java
061f50175cf7047856a934f9a827dbe6fd818334,src/main/java,src/test/java
012a6ed4fcc24ca8a75afff0986ff672f18a779c,src/main/java,src/test/java
3a9e2ce281ce979181ceb64e958040050a3002c9,src/main/java,src/test/java
79a0ac99bc97baa32a327b1f251a1f0e8b1b3941,src/main/java,src/test/java
09a4643e101e9b42537806eea6601eb2f389f4b9,src/main/java,src/test/java
46abbb40e1a36bb8d3100fa4af0bf10b9bcdccaf,src/main/java,src/test/java
57c45aca3df1cca64fcbe8f60803302a8f454a8b,src/main/java,src/test/java
8a687cc604c5f5dda48b93b28f6e6077366e583e,src/main/java,src/test/java
37bef8b8f3cdf9307af8c003ca616913d4c890e5,src/main/java,src/test/java
a0b4b4b79865987b93cea23a9a81a63d6a020351,src/main/java,src/test/java
b97285ee1b80f0d9bd82fb2541be695c29a7e538,src/main/java,src/test/java
f6dd42b4fc01d1bef5392b6f19b6bcbafee27637,src/main/java,src/test/java
05361c5a3409a9ca8e4e3438eb87d1cd55b713a8,src/main/java,src/test/java
f822b3285aa05874e628afbc17e90b5baa10234c,src/main/java,src/test/java
95627968c1d078f49d5b7feaab84e050130769ab,src/main/java,src/test/java
5e879a5b150c0b87d0cc60c6f83ad52034e67276,src/main/java,src/test/java
69e227356dcc1a9f63eb9009247263f4a0d9bedb,src/main/java,src/test/java
e00564e3b7f437b0771eedd72d24082e8219a077,src/main/java,src/test/java
8dd2239074e3e1bbadc9f6ce55cd2c2b02a7c9fc,src/main/java,src/test/java
25f0b048097d109201db7735e0bb53ce878581df,src/main/java,src/test/java
4119c355543a62c950ac981f802ab201e20de1a4,src/main/java,src/test/java
d4338927c884c6973bb15413c29e01bed8b5f5c8,src/main/java,src/test/java
b2f3f6db411099f91a5436a4f88344ccc1f8d166,src/main/java,src/test/java
6dd3724b9b5e29a9bd9f404d28d0cf6d43ccfe95,src/main/java,src/test/java
81ae49bafe9c051390770af601265aec462fc254,src/main/java,src/test/java
52c9e2a2f8197623d97b757d96196b1af32ef429,src/main/java,src/test/java
c06cc933b6814a76ecf2c6aef459b61d0bc25fb2,src/main/java,src/test/java
0920122ae6231c7560107bf6184ab32b71404540,src/main/java,src/test/java
0571fc07def263545b726727a2f9c0990ded862c,src/main/java,src/test/java
3c122e41b14ccc72b3952b6ac5a13801962f5438,src/main/java,src/test/java
ce185345fa26d4f96979cbebfbb0e9def817305f,src/main/java,src/test/java
97a9dcf29e638ec9ec46b196a54c7f1113f0831e,src/main/java,src/test/java
6f74aee73d3f42735dda44761ed6bfca4ce30525,src/main/java,src/test/java
d3b9c7f965a55476226e5fb68ee6e2f36c29dc8a,src/main/java,src/test/java
95f2dd6f5fb1e1bd53999df9bf9953c646463d0b,src/main/java,src/test/java
a5e03a23897abe8bed9ec88b6e71cbbaa6c8a841,src/main/java,src/test/java
335572b99ea84b7b0665e6a818cba41e34f97203,src/main/java,src/test/java
f7c0b403d2585912e40b471cf83ac1d72cdd459b,src/main/java,src/test/java
93dbc5a0c3044ece1880fb2ebaa131fe4c2a7c7b,src/main/java,src/test/java
abb1b3fdd6711eaa8ba9c8518cbb7ff83699df3f,src/main/java,src/test/java
9a324dc5463ea6329e0b2e59bb46073117d68168,src/main/java,src/test/java
9e6576e7cd4ad17185c5102fd3c6f9f9a6941ed4,src/main/java,src/test/java
ef9b639afc3dd8d1c35eab23cc9cb6b3a6a2c858,src/main/java,src/test/java
c78a0e3b003ac36d57a3c895fc8240ef66546a56,src/main/java,src/test/java
83f18d5299fbadf91ec792c95ee96bcd916ca9af,src/main/java,src/test/java
0596e3145c1a8a9c42185fe688c42b0830b64516,src/main/java,src/test/java
90f6eba156d348202da0685a95a0ee1d8ec63382,src/main/java,src/test/java
cdfddcc20a89b05cbc5b13d01b20fd4bd73c83d1,src/main/java,src/test/java
c09247c09bae47a842a638c6704876dec3da9cd8,src/main/java,src/test/java
ddc55543534fb5c67f05a38f7f876c3412c92b27,src/main/java,src/test/java
becc8d97041ffca775df85b42523504e2be438d8,src/main/java,src/test/java
5fb5e80a151513a91cc961221e96267100abe1f4,src/main/java,src/test/java
2c8a114f766d05929e908fd79c5e4baf5a3841ae,src/main/java,src/test/java
f5398ad3cf1447854d7f4c720f5d255f5012531b,src/main/java,src/test/java
97fb25eb35fd7738172b81883b834dfedf781b9d,src/main/java,src/test/java
d98e430b04e9ff44764651318ec41dc9f07d8149,src/main/java,src/test/java
e9771d7eb526a7c24512aaaee48cc74a357c5082,src/main/java,src/test/java
5fbeb731b9d26a6f340fd3772e86cd23ba61c65a,src/main/java,src/test/java
3c6d5dff6e6d5448b1dafe4447eb2ad5d6ebe222,src/main/java,src/test/java
d2ba1651edfe40981d1fc163af89d168c5679c1f,src/main/java,src/test/java
e5a77a7651775ecaa0efe9b479698c0b6ec3d73a,src/main/java,src/test/java
aa91ffbe330de2586010ab91dc3bb18eef33974b,src/main/java,src/test/java
53a9ee3979ff84349a9fe789aebe3ad2e7eb4d99,src/main/java,src/test/java
24e9fc91c72ba9e2fd9a8a5e168925bfa99d255c,src/main/java,src/test/java
62c09640bb3c6978b84f3b11b9ffb5313811a658,src/main/java,src/test/java
38983e820763c882e778c7d5c68b673fb45a210e,src/main/java,src/test/java
b01fcc31b9581676aeff2faae06738fa240657bc,src/main/java,src/test/java
dbdff0758b40601238e88b2cffbf7ceb58ed8977,src/main/java,src/test/java
3f9613be384701c1ae4f249a7f65470824d0c451,src/main/java,src/test/java
9cb0ca6b0fa639d30d9070f422de5a59c61eb86c,src/main/java,src/test/java
8fe6a83eb60b7b16cac065b68e60c637d64d5932,src/main/java,src/test/java
02822b1948c312af3bdaa34d7fb40f975257a66d,src/main/java,src/test/java
0cf09657de850bc1da4789fba466bce4ddd10824,src/main/java,src/test/java
b9d8c68e2f5f7f3a13773140a7ee4bf62972f17c,src/java,src/test
ea0ea8267309e94a8f2393829cbf1c1669abf5c9,src/java,src/test
26281773d85fa96594c16aee56e36805f3254064,src/java,src/test
720a0b26260fd8e1bd4c7743b5755ab1d061bfbd,src/java,src/test
e4a8fdfdf114eba50a955bf3bf24a4e4ce516fda,src/java,src/test
18b2ddb24bda92077add94bb80d35af272236848,src/java,src/test
072539b502a69ef7098c714cf3dcadacd1ac7ccf,src/java,src/test
496d85cf172c8340c6d29a12fe5cfc6e0777319b,src/java,src/test
e082a039f895458c231226e66f39e39cbf3b5ef2,src/java,src/test
59434c2dce49e0104b4c7d51b7502e4eae7d2773,src/java,src/test
6b547ba222e6d70b0351cfd354e1d3497da9e24f,src/java,src/test
10cdc1066f9ae92219382bee25aeeac724298bc9,src/java,src/test
ca9d46257a9d4026d790adec555096d453e3f629,src/java,src/test
ed813abf79e11a2c7ab7f2368acf8f3174db80e5,src/java,src/test
8897d152596cef98f88b7ff158a2f2fb1c97826c,src/java,src/test
af79797eaaac647cdb7f90c1387a918a0073d752,src/java,src/test
9f7b8346c8f729b9ffff15e6d70d27a0807a7e1b,src/java,src/test
9989286b4934d12a832162c715243dd499e6ad31,src/java,src/test
aa13ac4d77bed5c1c8b8394ea92c48aeb75277d0,src/java,src/test
392e2c455c04985e9e55257ad04951307ffddb38,src/java,src/test
04d470232ee8de204fad5d0339c32d646be3a5c5,src/java,src/test
5887cc0faafdc23f912e49ee4d42278de765d92a,src/java,src/test
9f0ea4e9c43295713c1fc422a1b40b15e902d665,src/java,src/test
28738e040521a81fa921384f1c9b926a35a27ac6,src/java,src/test
24f51faee2e231cb65feef7b11749fd62ec4b1a2,src/java,src/test
48fcbcf982e2046395d4f9f0615538b7c13d1a86,src/java,src/test
7822849ae5d6f780483b1987220eb96a4e3f852a,src/java,src/test
aa357e433b3c77c8f403016a1e5a87d708743e0f,src/java,src/test
e61119d98bcc9b3e881708505d06ad7713134bff,src/java,src/test
a66d21540618d9bed5c291f5de6f75d6cc4b5a2f,src/java,src/test
312b1ca42eb094de32a1a5cc961c9cb7e11d015e,src/java,src/test
99b46033f5ac900f7771305f6f0b0fe8c259e318,src/java,src/test
39a80bf2cda13f28b3430733e645b7fd13bb92ba,src/java,src/test
8bf548c5e83e067503d10f304d9f855ced1a449c,src/java,src/test
e8cfb4889e0bc0f9062d45068448a5e468f8203c,src/java,src/test
944446a1a8a3004ddd81298e0e922e4d47b99997,src/java,src/test
89db6968bc088e8ad3b74dda22ef08acdbf172b0,src/java,src/test
e4886c0a39944ba9fb7a2175cb2d1026747910e1,src/java,src/test
4564adbf19ebc6da19befcc7dbef310a00b4de13,src/java,src/test
dabf3a5beb9ab697d570154b9961078a8586c787,src/java,src/test
6460cd272a4c0605c1e9167f641930bba16715ba,src/java,src/test
44e04f2a0ac9f489477138331e5e0dd66f00f8a8,src/java,src/test
dbd8ffb54f72f45acc644f1f16709dd549d0cfc9,src/java,src/test
e1e21f2f6895333304f6efe8272549d32ede20be,src/java,src/test
7f35915afd4aed48f284f9967419f571788b044f,src/java,src/test
57e0c33a52a0f1e641161e6bf1278e63ee6384cc,src/java,src/test
7684119c582e734d10ba5acf72382dffdc89ae5a,src/java,src/test
94cf29c4e3b6a7f37ad9d85ba572409691ed7f23,src/java,src/test
c1f2e60e81b5d7ff81d3753de1eea8b969859075,src/java,src/test
a48a97b37fa591427f95e158beb33031daf06196,src/java,src/test
b51a782d1bc3088d71eb2dfeabc1885b259c74d3,src/java,src/test
22d13e12320f2d878880eba50a5bcdc48aa63cc3,src/java,src/test
b0b7c6ef38a23246938bef934e4c1592adf19540,src/java,src/test
22e5ce38849aa60f5b5201d6c1128b28b3b19221,src/java,src/test
f6c3d3f104bd2f0400c6ecda5defea96b7576042,src/java,src/test
0010754c0b2eb5a5dc490acdf4f4948330363e23,src/java,src/test
f11d7217fd977897eb3ef6c443770795f947599c,src/java,src/test
6f4e48d42aa880e7ba49ff651aa701313e1aec31,src/java,src/test
60042cfcd27e86d8a81e6b76204a0ae22647ad8a,src/java,src/test
87e066ad31da8a3f92754e60cbd7b02a435d6188,src/java,src/test
9022176c851bf49f8d3f211dfd8fc7bd78304043,src/java,src/test
033ac8e016b96b11b45962d9b8bbd8e22125b226,src/java,src/test
2d5f1b0b767307634b01610cf529a771e390ef67,src/java,src/test
9232ea98fc333c8ede952406d3f70da8ae89682a,src/java,src/test
edbf81119460f61d3f606c73913b139d60c36911,src/java,src/test
de2965f24ca34e9ea3d5780d56a82ee973f817b4,src/java,src/test
b736c8bda6122b7f9f69cf0f52d80a23c3910bd8,src/java,src/test
2c443ab8b0efce5485f63eed62213091a188c993,src/java,src/test
cd5f65c4c7bd17d81ecb3924f444f2078a3ff580,src/java,src/test
faead6c3fbe343ba97e70f8eda74a488c916b29a,src/java,src/test
07b329c5fd484d63106bf80c155bbbbbfb3b241e,src/java,src/test
3c9e28e533d86486779419c2124d97fb643d1078,src/java,src/test
8eba63863c102b144fe43d008baf719997599fc9,src/java,src/test
f42a88e25e5e95fff5f985494e67386e38868bb9,src/java,src/test
8f10ef7c0e92f4326e8007be5b852b969ad5519a,src/java,src/test
f18c6b1affed026d32bd380526526e4b411f265b,src/java,src/test
f02058c10d3e3548584aa52e61ad11e5b1a55d59,src/java,src/test
1d7fd3318b65cf42987c3dc3bf47c7ed318f3fdf,src/java,src/test
61fabe8b9f5705e7f1d97327e6ad334b55b820c2,src/java,src/test
a0c17a75ef12455696feb509281270ba9ef5d9ae,src/java,src/test
7258df6db3ca8c5dfe318253a951a0d532132c26,src/java,src/test
821bca564f332731a68a4ce18e109ba1c2a3fc2e,src/java,src/test
67e1e4b48e3319dfbe07b75d5589e6261ba9688a,src/java,src/test
5c090bf6051e7f6802cfbf2060d4f196f17e0ca9,src/java,src/test
fc4b86252e4b4d06ea2b0f77a8e17816f9e5d753,src/java,src/test
4bfee0420d54e2ca4ad5a07f1b209948ac91f68b,src/java,src/test
654a4018c456d3aeb7f6d9e6e7aa4b97b45f3fb0,src/java,src/test
0152e67e9eb57de2da0df28f396c9e36cd6e12c4,src/java,src/test
812b7db1748037bce86a5f87620eb16e38703be1,src/java,src/test
1c6411cdeeebc98701a3cd80202299e84db5f093,src/java,src/test
630d9afa3cca0413fff0ec8bdac471b1a171bbfc,src/java,src/test
9fec47b79bbb40a78eb79e5a66716697c91ae0be,src/java,src/test
fb4949bd078ab201835dc932eec27557f0b9102a,src/java,src/test
a3dc59a94da24e46c252453f08c4b4b4a91c3ce7,src/java,src/test
13eb8cca1711cb01e6d95fe86906a9a8be18aee4,src/java,src/test
b8b6c66e1caceb44ce7250c999e63a12659a45e4,src/java,src/test
5bc120c5dff3cdc44f9168800a9d0a1fa538e44d,src/java,src/test
35414bc4f4ef03ef12e99c027398e5dc84682a9e,src/java,src/test
a012ec83ecd0d13fd7ba250da322a6183adb45aa,src/java,src/test
739ed17f8cbdb9f0d3ad962c8bd13a89cb88cf67,src/java,src/test
55b2cc8c039d659da8f4d8af332814043d084a3b,src/java,src/test
409d56d206891f76a3e751e4dcdcd22a8c898acc,src/java,src/test
00b139a1c49c230bfb7b0f1ec5b8c22d560d3447,src/java,src/test
075008dcd42adcc6924d048a376e611f9219e52b,src/java,src/test
3ebd273440c9854c36b635169c96202437c99b33,src/java,src/test
7ec35cf7f5d760cb6b31928c2622d528af11e406,src/java,src/test
445d94e08d2e81d972f2ecbf85aaa52304f36e4d,src/java,src/test
9ebfb870a2edb2fbf2741928efc53c2deb352e90,src/java,src/test
f18f6dd91b0ee30d2585d5c23662f80eae3fd33f,src/main/java,src/test/java
e790293f6ea56cd4455c880cd795d8fcfe972d17,src/main/java,src/test/java
a9889607c1a94c5c24b80214ee84ce0358bdde25,src/main/java,src/test/java
c9f2d87527d653359d740615b4a7ca8673edf5e5,src/main/java,src/test/java
a28aac9aa8e7288673200c10f33184455937f298,src/main/java,src/test/java
cab4f493398c1991218099c6cfa2c0cbf096b79a,src/main/java,src/test/java
45f683a43652287dfd84c93abc0f482bf93ceefb,src/main/java,src/test/java
467494bca5ac61398f2a1c29c7cce74acf9ff961,src/main/java,src/test/java
439cb994d17bf227e47db9ae076c0f3ea9f3d61c,src/main/java,src/test/java
2e3e0829846239f4f1378a81e307ed28b11f9ecc,src/main/java,src/test/java
