74564bfb7ca768067b5554dc7c4373f43b8be94b,src/main,src/test
6feec20c842586056aa5b19c402b26be08c88ca3,src/main,src/test
5bc50c5852fbb1df5aa7166ea21a7f8e346ee82b,src/main,src/test
cc1a84ad351c5e5162afd85e14fed48f88753b05,src/main,src/test
d91d14dd8d8519a72e79bedb4cc3bd0cb0ae5f3e,src/main,src/test
4ed6f92612dfefda203750775e922287d876453b,src/main,src/test
8296172c76c43edfb9831eac7fc012e4a32806ad,src/main,src/test
96faf2ecd985dfc838e2bf6f6ae4d9d4b310861b,src/main,src/test
7f31d4124def652ce6c7ffff23854342de8c6e3b,src/main,src/test
82e85a844d2a946108478d58444d219aa3ff234a,src/main,src/test
cc91245d85ac59106181127941220e8033997b07,src/main,src/test
f42556388bb8ad547a55e4ee7cfb52a99f670186,src/main,src/test
e5d0473e9480edc1a77597fe6260ab1223b45331,src/main,src/test
340f812faf089bc17b5253ef73c51d6a570a2fc5,src/main,src/test
ecc374d1cf7ab605a82afb32b8963e707107da88,src/main,src/test
2da8d72e8969064e2bb90599e9f8bbd42beccb12,src/main,src/test
7e57c55416e24e4d45f47791d6478cc0a4211271,src/main,src/test
f008130af639c3ce4b411bfbebebf5456acfd45c,src/main,src/test
59bb9f7a1b81d9dcb2e52acedc2ea5eefaff4c48,src/main,src/test
ab9b00a92ee483692c940a541de0a3abd443fa6e,src/main,src/test
7f455efd7949bfe21f639cb008bf848a8ae4b2d8,src/main,src/test
18e2b159ea69ff209acd45074259a1c3956488ea,src/main,src/test
d3d830f04a27afe789437c304b0f5104f5645183,src/main,src/test
8b142a94caa29c37289c0c87f7e7ac9a449374be,src/main,src/test
e90e4748384ea6c5c3470d8432ef63d5fc195a3e,src/main,src/test
775686902b3b7d73cc769cb837dc988319bec203,src/main,src/test
7c3e56b62140897ece2cac404d8bba6f0e66d102,src/main,src/test
1a5c3655e2b1646c2b68bb40c99f7a7e62fa958a,src/main,src/test
fa64390b1bd5f1435daa9d2b17a58594cfb22817,src/main,src/test
930edea65e6382c0158876ad773ab1d87f67e5dd,src/main,src/test
345cad5b2f4c06a1bcc6794311a31226e9f2bce7,src/main,src/test
956e0ce3e982947385a71f3e64748a2a6404cb4f,src/main,src/test
96642978dcf1b69cba68ec72cb2f652d59a8b5be,src/main,src/test
d32c85f8081f96d0cccbc9193407601fec95d406,src/main,src/test
554f8db0f940b2a53f974852a2af194739d65200,src/main,src/test
4601785ebbfe44dfdd40f55405cfdab544e58586,src/main,src/test
e052c319eccd6086c28fa5371807d887ebe302cf,src/main,src/test
792de08c272a1db3f677bb75eaa4478110d9dff5,src/main,src/test
8a009d174c7556d704d6584403914ed2ff310465,src/main,src/test
bf9a4904cd9eb94cc904433a745bf9b5bb835307,src/main,src/test
ecf088c391de0deb5a4297e51e9ce960b3924e09,src/main,src/test
38e03e64f1215367ac06d175094b5f7e04e19695,src/main,src/test
3c2c9610b6c76e2b348eb057d0a8268681d573a6,src/main,src/test
d58d420f116e854bfd7b155cc1aed4e32939e1da,src/main,src/test
858568c58bfd2f91acbcea082a955964da29494e,src/main,src/test
ff4c4f8e83c7367e9f368bcdc155dc8a7da39492,src/main,src/test
1fb1e2715d56e633660ffe4733a7a868e6b7b531,src/main,src/test
fede6c9df74d370f2e728b5c46e14bd570abb83c,src/main,src/test
4195e6ebd59b9dac4065a1eb090d4343c2f61965,src/main,src/test
5f04c20030a3299de128f568e567edeb9da2c46a,src/main,src/test
186a6395d9976b1dedb15478e230bf72a988e07d,src/main,src/test
be4386724ff18232aff492cb9145288df86ea61c,src/main,src/test
cfeaed0a935b3901c1fbccaf979efbac4a819d6d,src/main,src/test
c2823b4de28120d86aeba9215f0231d990a8eb47,src/main,src/test
f93c9c8d390706abd2ebcda367c460f5368b12db,src/main,src/test
8891c0cd047c24f8c3cd8c8eebcd0fb1c562eb0c,src/main,src/test
6a637520ac13991f4864c47f72d7459d551390a5,src/main,src/test
698f3a73d4e20594357e10fc7bb5db57bb8f7780,src/main,src/test
fca10e3306d3349ebf452d04c770b6b0e2213c48,src/main,src/test
11f0b4090937b2aa998734aa2bf032ee8c428e84,src/main,src/test
eca5eb3ac3c92d533596f11a4b5ba06d57627c66,src/main,src/test
5cddffa133e7de41fa9efb5962cf3d0cff9b3e89,src/main,src/test
3dcedd2b6838ef29abb179557b6e42479e93834b,src/main,src/test
d99951470163764b3e01a119dab2822e5fd98204,src/main,src/test
0d9cd9fa434c0070638332b7f2243af0277461eb,src/main,src/test
7b1d4117701913d49185f436d5a930f7604c0e03,src/main,src/test
12e8fed01d16d1cf91d1eabd0ddcb52a79b15a87,src/main,src/test
a37f08e661a9af921aa8939babec048d48ebe2cb,src/main,src/test
290799a222928de892fb72527a3acf934ac7c480,src/main,src/test
3baa7d6742f7460bfb0af8edf48bf1575658109a,src/main,src/test
e9972871d6dcc24cfb56440c46e1f085a31b85ec,src/main,src/test
9bf8284908efae24acd4cbb553b391f6e005f692,src/main,src/test
ca94bafb114a4f462550d294521c30eb7591f015,src/main,src/test
5027dc5db59edae3b59cf08a03276da7efa6a2b2,src/main,src/test
4ceaba85f15f3baac5be7e8697a110194548a126,src/main,src/test
bc54062b89022415ae77db8796c961b4574f6d7e,src/main,src/test
5e14c461c04f71fc3f35a5ac2e75ed2df0d7c462,src/main,src/test
911cca0254267decd90a4b6a9c0610549309a451,src/main,src/test
f8120bbc3caf5088d4888bd7f518573eaf0044b2,src/main,src/test
eaa2b0c4797e04b10d9c26f18e75da532e9b6439,src/main,src/test
38d6e35d1f1a9b48193804925517500de8efee1f,src/main,src/test
9a61726c8a9895beb77bf60e45b8d3fd8addf229,src/main,src/test
a18813780070fe90209a8f81a1aac05e6aa28ce6,src/main,src/test
7dc9de68ef10bb4899a59a86a1242dd54a2953f1,src/main,src/test
b40ac81d4a81736e2b7536b14db4ad070b598d2e,src/main,src/test
ad28e352b60c5b50e13b7535fe003aa1afc7d1a6,src/main,src/test
cab5574a72f81f7cc92606ca37a4ab9b4110b191,src/main,src/test
2d06eb15e2d7e2b88dfe168a9543047c109c4db5,src/main,src/test
7b796a8cddab8cf95953bdd4ab44df1d16990dc2,src/main,src/test
ab1b250d3c4a21fe1a727e21376614a1f84bc28e,src/main,src/test
8c2747de69595a3fab6970f093066b696de105c8,src/main,src/test
c3ef9f34f3664903016bf065aa6364089c7a8776,src/main,src/test
40a439636007af5692b439220daf734a28923df3,src/main,src/test
d721193af128b6a2e6deaf05f458c16ac6b3d856,src/main,src/test
ab0269cd16a4402d023cdf458d66e9677a78e007,src/main,src/test
6c77ca3997906b9f01160132ec5fefef6120cdc3,src/main,src/test
