3cb5801a985c0d6a9ca3dc794b4e89a292b4a9c6,src/main/java,src/test/java
f7220c40b18193ffa4b02fb6645b1e14db38cc44,src/main/java,src/test/java
29efef70f1dddf7f1924706770238cbe96157f0f,src/main/java,src/test/java
c9dedff12e98a34ab4225bc65f810c0954207f11,src/main/java,src/test/java
a019caec3f685f864c98ce9af94c5171de4a51bc,src/main/java,src/test/java
83b1072703023411900b5eaefe9b8e99bc6b9414,src/main/java,src/test/java
d0035e6c7a3f911a735485e0893e26950c15f098,src/main/java,src/test/java
9fb2b4f2b100c8d5a769532ee26973832c2a61c0,src/main/java,src/test/java
1299ddfe3fec5000f68c203a7f61e9af02955296,src/main/java,src/test/java
9ebd0d94254b468765f6c558bb10ca018a418444,src/main/java,src/test/java
4406fba31cf945861a23a1d3730b06386d7722fb,src/main/java,src/test/java
5063b16c7a6d806a0a229fdf4ff2a16d74f287b5,src/main/java,src/test/java
38741a48c692ae2fc13cd2445e77ace6ecea1156,src/main/java,src/test/java
c6212540dfa2fdb42ccd19d9737c8e341b9cab40,src/main/java,src/test/java
c4e120bbf42cf3981a629582ea722dacea9db19e,src/main/java,src/test/java
0833f45bffd40f44ba6f294d84e9bac8a9ba0a37,src/main/java,src/test/java
de1838ea067f3fbc4c7c21b9eeae077c739ecb73,src/main/java,src/test/java
8a683f009d10150c3bcff6c92455cadd7f7f0a88,src/main/java,src/test/java
a07c9f72fcb5624c43cc90da19dd2216dffde90c,src/main/java,src/test/java
e94085595f372cd27900ee462c93be0a43d63a22,src/main/java,src/test/java
adf5f834db919d8eb584eb2f701d9963ab89f525,src/main/java,src/test/java
720b341bf02eb85515f4ca40a5e53e362100dcc3,src/main/java,src/test/java
ae47fb8432095e48b8e754c767bb9037dfa5c5fa,src/main/java,src/test/java
933a950c88c402752b189fe3890cd8aef1536fd1,src/main/java,src/test/java
c4014b6b38c9f661a12557db7ee464e158f386f7,src/main/java,src/test/java
2e543f41f3f76649524707337bfaf2731dc735d0,src/main/java,src/test/java
6b67a34b87e59e72bffd7e3b9dff31c07aa4bb65,src/main/java,src/test/java
3a1806ba26c3088de58ed5898f278dcd075b0552,src/main/java,src/test/java
08f02a086c82363a2d84be5823438ff509ea2415,src/main/java,src/test/java
8f436552ae8ee5713c1b5c78c58d4387edcccb31,src/main/java,src/test/java
5744ee8a1698687fe4acc0c269cbbbb1e234b06d,src/main/java,src/test/java
a0d975933d6fe9eb5f359088de43508c1d3109bf,src/main/java,src/test/java
60cc83af7f22fe903edb7d43f4617e779c10909a,src/main/java,src/test/java
75b9a4ba4ed34eed0afe0a6c3b8a79979685a379,src/main/java,src/test/java
fd8433b7119efb743495df69c91253cb64327566,src/main/java,src/test/java
16e12d213016d30376e2bcc5cabc299bcfa765f7,src/main/java,src/test/java
e31980892ce9873047db98ab8ef1b3259607b988,src/main/java,src/test/java
2c6120826245f89fedf2f936ab4a0c3edd8717f3,src/main/java,src/test/java
5b2e5f809be63d301b04eaae9c72cae05e7da35c,src/main/java,src/test/java
71c69df6dda034e9aa18ad07782ba88643423f58,src/main/java,src/test/java
2b5f84ede12cfadd7946ffb07a56709b8322a02f,src/main/java,src/test/java
22601f647f2ce9a05fa4ce20ea356492c670940c,src/main/java,src/test/java
bf8f23c3104a137cb42e13bd69b10321cdf92135,src/main/java,src/test/java
73cc5246cf789db8f459e2f539831b6e91bedd26,src/main/java,src/test/java
c473d87f236ce5cba4c7e0b2f4c788c1cb91f013,src/main/java,src/test/java
c4f74756ff768b341782bb60c6df89acf30e67f9,src/main/java,src/test/java
f3f34073ae9930cf63efa5783dd300e959914b56,src/main/java,src/test/java
932b29441068b741866e41313b6f131c3b223c69,src/main/java,src/test/java
c8630e103ac0838978a867de46fc81c260eba542,src/main/java,src/test/java
a84668e0eafc96b88fe133cf4225a586986a5255,src/main/java,src/test/java
9f03b06a1ec8cb2cb64aec6068d2a6c1f663fbc9,src/main/java,src/test/java
c84328e64a226304d277be6164b85351502edd94,src/main/java,src/test/java
ce4e72701b1ad4caabc3bd668bd058fff082f2b6,src/main/java,src/test/java
692a1e362dfab949006d3419d1addbfe12552c73,src/main/java,src/test/java
35d101c2adecd51730f88e43941d85d16034886f,src/main/java,src/test/java
0331565fbaf33fab24bfd588948e653475e795d9,src/main/java,src/test/java
2480dffa6d8343b189c6fb57b88b325c45f0b83f,src/main/java,src/test/java
65f110ec14b9e7f202bb1a696c4c58560cfca48c,src/main/java,src/test/java
1282503fb97d621b4225bd031757adbfada66181,src/main/java,src/test/java
5a9436d462a45a44501c31a328c9926fb3cc4b86,src/main/java,src/test/java
f9871c5d359f61c04ba567df58af206b676ad9f3,src/main/java,src/test/java
99c3819bec33a0999b743b6827e6b48fcdd9c8ad,src/main/java,src/test/java
3294ed672129cc1af3822c90525572a29e73a09c,src/main/java,src/test/java
0e8811ddb7ea1a8782457328193703e8371204e2,src/main/java,src/test/java
d3afa156e4ddf8ec76847504988e7979146d9fd6,src/main/java,src/test/java
b67524da7fd146634c7112b23e95d1d45c398b82,src/main/java,src/test/java
f33baa4594bdb621bd1e3a3f7065dad9c98da887,src/main/java,src/test/java
aff3891701c52ba871a21e030374c9f4471b3d2f,src/main/java,src/test/java
7d8821225ed64f73e327a2b990a4931dac6d799f,src/main/java,src/test/java
bc504117fceb2c254eea5158a62de54c80a5d81d,src/main/java,src/test/java
c81ad0328eefb438cc875b9c9f081be93f9fdcc2,src/main/java,src/test/java
cebbcc8b3c6679b37bb403e381bfdf7431ccef04,src/main/java,src/test/java
807ddd164bf0802116afbac1774831da1d8eacd5,src/main/java,src/test/java
288654d8381721286d2a92e1ee3d9319be2c4067,src/main/java,src/test/java
ea5b3e0ba6e1cbdcf4a483e87edab5dceef73021,src/main/java,src/test/java
081b070256afe2e817ca42e35aef154b88733f61,src/main/java,src/test/java
65883aa4d9478161d7c526c1f6e1d5f2806da93b,src/main/java,src/test/java
cd8799e7b2003bb13c29860bafa059e7c5bd7f4d,src/main/java,src/test/java
224d30746c2b28921e495f0c824eb0cf92416409,src/main/java,src/test/java
e7ccb14d2278942bd586f770cc5535b4adfe92b1,src/main/java,src/test/java
68c74f627495b2c60d3b0ff6a1ddc0cad8b7d49e,src/main/java,src/test/java
1d5dfcb8f65e25e0bc5c38628138435c3c756b98,src/main/java,src/test/java
ce9768fb0c59a913e3acb372da053ebe582ca432,src/main/java,src/test/java
54597a8b8e1d299a6b66de840b5496af96b297d5,src/main/java,src/test/java
446eaf8c2a7f35eb65f3d03b6b2d1e57f6171d49,src/main/java,src/test/java
5206b2a244e21070d149ee1e1f1efac8f2584d6e,src/main/java,src/test/java
913e4a8b97fc4ef6a860cd94a996442ec86cc3a9,src/main/java,src/test/java
f8b80e83417c3c7eeed1282118f64fa0e85c4787,src/main/java,src/test/java
8861157a564e494b49d06fb599ed9c3b276b15b4,src/main/java,src/test/java
82b6d2e7b4f8114747e4758d3e4e61eaf276ff54,src/main/java,src/test/java
51049fd117ae5d0cdfaec7fbf0a6de940502346b,src/main/java,src/test/java
2465f5e8f627d13d61a9b3cfa9feac845850691b,src/main/java,src/test/java
409feb2888227057fe8e6bb58dcf98b49b276a49,src/main/java,src/test/java
dd2cd54ff71059884058c2fd2ba4a0bb15811579,src/main/java,src/test/java
554af4bc5c1014644dfca83ce6577f7882a9dc04,src/main/java,src/test/java
da77daf160feccdeb414a9c299030b8c28f8e3dd,src/main/java,src/test/java
1023690dc284afaf380b0cf3eb74c411e0663465,src/main/java,src/test/java
190390bf5dd83d6137ca3045902fcecbeafa3227,src/main/java,src/test/java
fa437cb924ff6591faab05f7dc42dd5556676abd,src/main/java,src/test/java
5f14d16a66f31e11253e3daab61113cdacf33587,src/main/java,src/test/java
6e64bec175d687537c3625e34a3b7eed71255c22,src/main/java,src/test/java
95bc1807be762e646c884affb0b4863a67f1fae5,src/main/java,src/test/java
a7757849d3e9b2a37967ce208ab22f6d14567c98,src/main/java,src/test/java
977824491d8d65b9952005573f2ebffe6ced671d,src/main/java,src/test/java
09cf3739df3b82b23bf508b4f98e999ee5b8d3c7,src/main/java,src/test/java
9ae4b56c2af4ee65fa935d99b298c98b7cc4bc63,src/main/java,src/test/java
48068091e40864e6a351f3aa13e87b8d9cb8a4aa,src/main/java,src/test/java
0e3b57507f8bff9a3325bdaa7b90a18c2c44c17d,src/main/java,src/test/java
2305e0e80c9ceaba6736bea4dbf07c0979279280,src/main/java,src/test/java
10977ae1b2e50d3b347d9fe501c4e40a7dccd94e,src/main/java,src/test/java
7e471527915cb0c73316c598fd02b71a56f2cf43,src/main/java,src/test/java
9c203414696118e291279ff3a2eb22221d58b93d,src/main/java,src/test/java
3c0a73b30f1969136987f25227383ae9d233e4c1,src/main/java,src/test/java
5ca0f91ff65440476239d67dd31da9556da1bd88,src/main/java,src/test/java
b4a084ed4839f297ab3f88c48d48f5081f229c96,src/main/java,src/test/java
e76c4d809cf2b39a9d7fe831b63e60891fe47f55,src/main/java,src/test/java
8b3de71fd99d0fa07cb6a3a35b583bbb170aab66,src/main/java,src/test/java
eede739d18c69722ff39e8e42df6b68ae7627082,src/main/java,src/test/java
83cd8088a63db894a0358e3ad5abbecc83964f3a,src/main/java,src/test/java
33f662b219b439af5134de4553a1bb9485136999,src/main/java,src/test/java
f368f64fa7f9acdcc01084f676e8b9c2b86f946e,src/main/java,src/test/java
13c539a50db7aeabf40136936120f6156e120bcc,src/main/java,src/test/java
3ddfb40c4f6a3a7e5f73858c6cafac3e64b1f3ad,src/main/java,src/test/java
60b1c8e5c1b9f3a248d8d13240cf151a13f5953d,src/main/java,src/test/java
53ead3ffe88a2af0967fce0d92d0c48284d68807,src/main/java,src/test/java
3c5d7e07e02e769043d084bf906bbc4c6932ab1c,src/main/java,src/test/java
b7c38a1a69a21925a3efa4189e7b1e4ab3631bf2,src/main/java,src/test/java
6e3f713652e2b3630c2a9f59e11b9d1dc299e434,src/main/java,src/test/java
d2f9f83158bda7aa7317c72a278f3411d048b69b,src/main/java,src/test/java
0ab2b0818afe1ca083afcb08c20a3937b98bb786,src/main/java,src/test/java
e24dc316d471c7ad29384a976f8f2ba10375150a,src/main/java,src/test/java
480b90febb39d7a3dd6f55d6082434ef09eb0b5f,src/main/java,src/test/java
