77add7946ea5bca622b1f4f654f97e62f6db1e95,src/main/java,src/test/java
27a52f90a25699bebe23ff1ff94d6db361fdb11d,src/main/java,src/test/java
bb4ead7c350695c1ed3c52d028090da4d4cecd1e,src/main/java,src/test/java
6c2032dc6cc1b502c88cad8964d59b668039c3db,src/main/java,src/test/java
aec561f3328980182f299e61eaae45420245141b,src/main/java,src/test/java
5599adfa2bd30d9784c1eed07b24a31f458f0a58,src/main/java,src/test/java
0081d162cca8ad23b500b53799195fec644f261b,src/main/java,src/test/java
f548940dd8be5f8c93ef17a8896b2807aa2a08bc,src/main/java,src/test/java
5e52f1b266173593fab32fe9d8a4963066b2f2fe,src/main/java,src/test/java
62afbdf6a85fec75fde38d327928a180bc5bccb3,src/main/java,src/test/java
c6936dd3daab6dc7098065dff0bf39d8318349eb,src/main/java,src/test/java
d65b6dad2a88e584be032481d30b7fc09112d225,src/main/java,src/test/java
5fd1be67ba588b78d4045b5ccd755f6596b25a04,src/main/java,src/test/java
e256bb7fc5979de256371bb324f1ca1330e38112,src/main/java,src/test/java
0b56f3e5e012e689af8dda0e96d6e0c9f31853b6,src/main/java,src/test/java
20ed24cefb5df53c48021459af98bef83c55f241,src/main/java,src/test/java
9e2d3711ff5f23e39b0f956d03c3a2b547239fc1,src/main/java,src/test/java
ef57a000b65f075de35f8d593a5223779755ac26,src/main/java,src/test/java
08a3d67273f31718acde383a4c5158bed9c506b2,src/main/java,src/test/java
82855b07f5336d30c70dc20548ab7ab8adeac05e,src/main/java,src/test/java
da9b977ef99e2595602a964561906a930b4332f3,src/main/java,src/test/java
2e4969497c5734d90d394103728bb517644f9157,src/main/java,src/test/java
2f5b1878624b28c268e337fcb2748dbc249c5e6d,src/main/java,src/test/java
5ca6b4041d0605025f1a1582a605d2aee377bc1c,src/main/java,src/test/java
9dcc488f3c6afb691e49af42755cfd61b0a69d04,src/main/java,src/test/java
adce18ec3d06b849886d203fe932205f312cc37f,src/main/java,src/test/java
13c2af3f24fceda5b44776a5257112ac7218d038,src/main/java,src/test/java
f462438f2ebfb354c823cd2c0b677b0674f0e80c,src/main/java,src/test/java
43a39b308abfbe39ea06729277d0630786b9956d,src/main/java,src/test/java
d0a7e3a00350ea9bdca6a1f005ccc75e5b2d19d4,src/main/java,src/test/java
2509766946d20c1339c56d5aa0970c522efd2417,src/main/java,src/test/java
4a470a028e1f146c04695819c48b9ec8b7950f36,src/main/java,src/test/java
277949e7115059f6f0071e1b3418b6f6cbf48e48,src/main/java,src/test/java
f317c04acf821d61601f5d986252db40505153bc,src/main/java,src/test/java
f9d8a9c8a47be87c6d4f949dc24c6520e84590d0,src/main/java,src/test/java
fa8a8deb6e03ee00c10138f42b9b5cf83803e425,src/main/java,src/test/java
db9efbd54c6ff876768eb874f7e9fe84a6632729,src/main/java,src/test/java
6d9081bba66809602428ea0b0f7ea78229b3087a,src/main/java,src/test/java
8749726a79c22451b1f01b14fb2137f734e926b4,src/main/java,src/test/java
a28fb8eae225ac16279a6086420f310145bf6100,src/main/java,src/test/java
71608a8424e1ad5d110a71d93313c370b2923411,src/main/java,src/test/java
411c01ff53f56f0b84bee210ad75c8c2114efa55,src/main/java,src/test/java
51cb86699beae26b74c594e2daaa098116f9f572,src/main/java,src/test/java
76de9d87000f375749f355a7d7d6af9fe37c3558,src/main/java,src/test/java
35ba2dd27d69d1d09fed6f7a3c690f2bd121cb0f,src/main/java,src/test/java
437d8eca9f51dd0ed7af5b828412ee96ac192f17,src/main/java,src/test/java
db902bc0e52dddd00c87f9b358835d8925651fad,src/main/java,src/test/java
7aec925db99f51b329305b50c77545619e9bb695,src/main/java,src/test/java
444b5cea6a4c02cecfd50e5d1ecaaaa389d05781,src/main/java,src/test/java
66ff264012c6c047a3599c3b6771d504c6662207,src/main/java,src/test/java
49eb02fe329f0bf1bbc847f613c8aa147e6c5330,src/main/java,src/test/java
7b47828bc2cf749edfb0f75e370f168c6b1be210,src/main/java,src/test/java
7fe868089855c33d6345e740bfdbe6f140794598,src/main/java,src/test/java
f16c0c17aa38ecff097f5fc50db7cd5e247c8737,src/main/java,src/test/java
f36b950de16f6db134bd98969cd8fbe578d37480,src/main/java,src/test/java
3d6f1e47ccf93d01364ed5f7603fa66d43eae0e2,src/main/java,src/test/java
128b3f8212e357468cb608546a52da3826903fad,src/main/java,src/test/java
3fb895c9a9185c04eb263ef77038cd7ec8b5dfa7,src/main/java,src/test/java
863bad7886c1bbf84391f5e9e330f20a4daf8894,src/main/java,src/test/java
7171cec2dfd3c8b58645b69970425864abf8ba1f,src/main/java,src/test/java
c2ecaa18c25d92d260718217e5ba1f0496cb8eb2,src/main/java,src/test/java
d0418222830f42f4f0c770e406f71454ea50e56d,src/main/java,src/test/java
c98349a7fb5598f0cbac88130520171bd6f253c1,src/main/java,src/test/java
9afeb6b7645deb78ff0b3d2804771b9238806353,src/main/java,src/test/java
68c05150bf4ce702c334405dc707d95c6fe73577,src/main/java,src/test/java
2c257f6482dd7a9583538b7b0d4b3b0bef9417fd,src/main/java,src/test/java
1d31086acba06579c4e7d5928dbba9ca8a0128b1,src/main/java,src/test/java
1030e6182d2fde38d4d307af8e21791ad9b91429,src/main/java,src/test/java
0ea12d3d662fab6adefa6d13a7ad017f793a2fa1,src/main/java,src/test/java
c744b9afb57beec265226a9416eec4e572adca28,src/main/java,src/test/java
249e5a8aae9324cc6c8caf5303a607056b15a9da,src/main/java,src/test/java
5d56ace149ae3264d2502d49dd85302fc613a27c,src/main/java,src/test/java
4b0dde413a3c38a77461ac64ad278a042d6eea68,src/main/java,src/test/java
dbc1e34bdeede1cabee58b65bceb02f930ce5d88,src/main/java,src/test/java
1d37cef1d8367af963fee4dc99164708f5d3c6f8,src/main/java,src/test/java
04b8921d4dcab019b02588620d953c4f19d43a58,src/main/java,src/test/java
472c7e55ee9d5cc7e7771696092c6eeca5a91b4d,src/main/java,src/test/java
002a4940935a7545ed94f1b776e4d7f6bf6c2525,src/main/java,src/test/java
a97385eb2870d113427b0d9430e108236ae363b4,src/main/java,src/test/java
cd054a8a7cdc18c730a4805826054b52f3184056,src/main/java,src/test/java
5c43ce2d83e44cd46049a7f0bfaeb5d9a322c032,src/main/java,src/test/java
1e85878fe008f6c651c348dd1d5b2edf713f63bb,src/main/java,src/test/java
9a5d4f3b7b2abf8664842f49d67e84c828afa534,src/main/java,src/test/java
4b763cc86f698d31f59e22e169e7a5a83e696a55,src/main/java,src/test/java
94002db5f90395b8927ae69c569e5a0726dd00c4,src/main/java,src/test/java
e313f95e19c752a3316048468547af939e19cdd3,src/main/java,src/test/java
cf8ae1c58905cca6cddf69d9f736c1f6e7e2933a,src/main/java,src/test/java
074d9bfd5476d0430e75073fb27001f43435c081,src/main/java,src/test/java
d7b5d5b28a6dd7ff198f02e1ee82160220135a74,src/main/java,src/test/java
82f8683129e83b2d7ad9c95efcd4777212d13762,src/main/java,src/test/java
009013169754d4869f3a55c27a3443fc72d1d1f1,src/main/java,src/test/java
8963e2ac79a97e694c388622e935a0471267e9eb,src/main/java,src/test/java
9b85aea847f85982b6f2d9d910e9112f771ab5a5,src/main/java,src/test/java
c75e9cc85d596ff08ae858da3c61d55e717607d1,src/main/java,src/test/java
398f9cf93414253c216585efdfca3b9f73f90d74,src/main/java,src/test/java
a31ec08e102fd3832f3ff4449e9163440f0afb2c,src/main/java,src/test/java
59fb5117a767ab75fe3baf5c37966c83430b02af,src/main/java,src/test/java
05ae97865c84536a6cfe7759ca6c382eb761ecb2,src/main/java,src/test/java
1e30a157667af1fa7108d985dcb858a801832887,src/main/java,src/test/java
77e6a1a900685c173afd5d88c9bc6123b568fc72,src/main/java,src/test/java
381ce3d861251ae35aea636fc29c277a84060276,src/main/java,src/test/java
dfac9ce465ff9c988904d05014d2be2715aa1d2b,src/main/java,src/test/java
f9901ab35d61700dd56cc6c1639e00f0aa58e435,src/main/java,src/test/java
caf61a4a0778a72ab713f72e9ef749bf373c98ac,src/main/java,src/test/java
3cb4cee19e3cb6830735a0f89d890576c7413f2c,src/main/java,src/test/java
f9f37e19876202a1db257a9e59452b0f10035fbf,src/main/java,src/test/java
7ff15ee20c961e370837d8f96ae77886ecd910d8,src/main/java,src/test/java
fd12d272397fc04da34beac8c8f6e3faae81583f,src/main/java,src/test/java
deaf9f6a51b928dcad619fd8300ee3926345d1ea,src/main/java,src/test/java
fa87a8fe2838e80ae0eeba6e2978815ef5533e91,src/main/java,src/test/java
0e37cba87eea9d89156c144e3d4298c9c9ed04d4,src/main/java,src/test/java
2d56df2c9060c889e35bf4c386429ad1b6cacb35,src/main/java,src/test/java
1fd0a617cb216113997569937b43ec7c7a9c2fd2,src/main/java,src/test/java
a44e18aa3c1fcd25a68a5965f9490d8f7d026509,src/main/java,src/test/java
3982ea1198b8d780b42587e16ace3407bf7621e1,src/main/java,src/test/java
76903813da44b8971c9cd2beff41773376c6396c,src/main/java,src/test/java
4d94c5d0f0e60e50d555178ff0ca5b8d4da5f054,src/main/java,src/test/java
834d3142304e0927dc659791da6a4521f271d7fd,src/main/java,src/test/java
2518e92a052d922d81d11e28b8e5205639fed9a7,src/main/java,src/test/java
88730bf9f399aab6a150212faeea012598be9ec6,src/main/java,src/test/java
76399e5b273d63d6affeb94597d8dfddce811964,src/main/java,src/test/java
c765b819fcb5f24373fc165a7c651f0e87a0a25a,src/main/java,src/test/java
d118ca527c6dfa19ed6b7cdc377e82546723fbfd,src/main/java,src/test/java
b67cc18ba1814d1abdb16f8ee9bb5473aaa42cf8,src/main/java,src/test/java
f052908ec90e12bdc6b67915ef2290aa9eefa48b,src/main/java,src/test/java
be64f746f9f034e524f8d9bfb9748d19054c8772,src/main/java,src/test/java
c07ba8a34b6a6d6665928e106fea67bd9144e4e0,src/main/java,src/test/java
9e9e15856d41f55cee4a215acae3c3866e78d200,src/main/java,src/test/java
d65185506919c50de85e766771898fdbd054e77b,src/main/java,src/test/java
6c4f16f233cdfd7aedef33374609e9aa4ede255c,src/main/java,src/test/java
3f9f33d88355f22aefc7ea402da09fd1950289ce,src/main/java,src/test/java
80158d6fa7445506eaaafdeadb1f4dc291ca10a5,src/main/java,src/test/java
924c480762e8af2ece8da553f7fe90244085341e,src/main/java,src/test/java
1837ecbcdbafd051fab6a37e2540bda054e52151,src/main/java,src/test/java
b033535fe2cf887de8076221a0d614abfcf17d7b,src/main/java,src/test/java
8f9b51dab9020d499bc2a2ca2fcb306bbfb4e734,src/main/java,src/test/java
799b9aa3e623b56092100fa672c034ae9f259038,src/main/java,src/test/java
21ee3e98b71dfd0a86c0ddd4cedbc7c0517351ba,src/main/java,src/test/java
0b9eab69d394b38f776079a20dc19ed5848748b4,src/main/java,src/test/java
3c5061f03f27f13dcf546c9752e424af715bb02a,src/main/java,src/test/java
bb16e0693819afb821bce6943d8cbd178266a63e,src/main/java,src/test/java
627efb94e9ec8bcf09829fb8be5cbc4f4334fceb,src/main/java,src/test/java
1833adf54de2ec33d68abf4a64202e8572d15ccd,src/main/java,src/test/java
821b021a1e5fc75719c71ae5ea84157d770c1a9d,src/main/java,src/test/java
74c61a13acb6fc11456cd442d4d982a0e943e9d0,src/main/java,src/test/java
85289133377ff89fcd6337fc77bf80bb2b2560db,src/main/java,src/test/java
de941054022a153e8503710e9073fd258ee00ac3,src/main/java,src/test/java
bb19c9276fa36452984845a8898d89f622d5fab7,src/main/java,src/test/java
199e34bca6538c2125b00d20853eb4616c08a0b5,src/main/java,src/test/java
a63a14276e5f37bfa2b4532b3a355be368f1c3ba,src/main/java,src/test/java
333a6469ffec02354a56d1a5eb5867dc16da58a0,src/main/java,src/test/java
ebf35bbc855a02348ef879c702229fb9e969fbc3,src/main/java,src/test/java
837d77f0b4d1adda9e769aba37d4253c116e0c31,src/main/java,src/test/java
119fd967ba85924a5fe0d93e2f9fad3fe068c6fa,src/main/java,src/test/java
98e87c6ae88fc31782f7cb542d4637df1af19f89,src/main/java,src/test/java
53a422362be41b565432281ca39165962b79bcf9,src/main/java,src/test/java
13b55d7e81414d2a96de3bdc8dd95829fd7dad92,src/main/java,src/test/java
3268b8180e0e66d35e6f7a7cd6f82379bc0eb15b,src/main/java,src/test/java
a7b2b42a50f0536a3c5b3473575d67c2e5907581,src/main/java,src/test/java
8300a249bbf9e160805703418dc0cbaeb9818818,src/main/java,src/test/java
b8c259cfaf668e4237de09a0327b82080cfd37ba,src/main/java,src/test/java
8391b7231a2519557d41209d728acc4f422af381,src/main/java,src/test/java
585eb726fdb2165a91146a3c9f8fbbfeb4ad9e7b,src/main/java,src/test/java
0c10dbffb475febe05ebaf074278e5d5aa81e32c,src/main/java,src/test/java
c01fcd338d73dc039e6a3a6cd2c449d9c9d41304,src/main/java,src/test/java
0961b24e30a244ee26a568541c44840584642d5e,src/main/java,src/test/java
b14e7357248a0f683b8252be3e68f5e171fb8529,src/main/java,src/test/java
2bef2e7ce9b8089a9e0ae3cf82f7625a5b93ed09,src/main/java,src/test/java
6e14804768c3553c0670ea08135675d67d51d811,src/main/java,src/test/java
373ea35b2cb227b56694aa50589c853b68caa03a,src/main/java,src/test/java
11f7c1bd7a2d12f0b1150aa246c61afefd11991f,src/main/java,src/test/java
9e97fbf6ada82040f4a49c9aef9a84c983074427,src/main/java,src/test/java
ec608674d877d2e906cab77bb09ecb2494167f0e,src/main/java,src/test/java
3a7f39c507ed2b6809dc3a8bcc0a28ad19aab2f3,src/main/java,src/test/java
5be8b081ce931865d46b49ed44e19d3eafde748d,src/main/java,src/test/java
3b4f9dfa91b6f1852c35baf79c4a13eacc6112c3,src/main/java,src/test/java
ddf4c1bcae69ad48c01eea207e3f3c24d2eda208,src/main/java,src/test/java
3ba88d8c2ab500c07f9e2ddbc07a4bd01fadbd78,src/main/java,src/test/java
1e09df66f0302958d547037e7258913b3069f2b6,src/main/java,src/test/java
a025d87deb9cc4cda49ae1b77feb0f29805dd7c5,src/main/java,src/test/java
73b52d0d995b8c6091c0e92f8ada03a2753b576a,src/main/java,src/test/java
65553582d184e18de10e496b0eaa53fbe206ba17,src/main/java,src/test/java
93b659b41c51739628c85014d4d3bab70d6bc61f,src/main/java,src/test/java
941f69bfe96753ef30dbb3bb1bdffb72ee8944e0,src/main/java,src/test/java
b2e37fca64877104cfdad3f56cdc2c8b98cb6be1,src/main/java,src/test/java
07d990fe2aa7f2991d5b74f96ea2de690514338b,src/main/java,src/test/java
cc19d3029ab0db137da0e95cc55c20b131241cf1,src/main/java,src/test/java
c3cbe1b64e7f66ff9f9b53f1388eb135e6693187,src/main/java,src/test/java
8b38cd812802397dfcbaddb34cde9ac27f0fde22,src/main/java,src/test/java
25e0e1e9ffca9a350d060db7d2179c5c9e459055,src/main/java,src/test/java
8de737bf9e3d313b3ff75f1cc893e716f49f4de0,src/main/java,src/test/java
ce7ceeec5bd729f7f300fce126bb856f7630593b,src/main/java,src/test/java
31be24fb9312af091f7e751b6011b1ed5bb03795,src/main/java,src/test/java
4c4192d33ff0ee27b9f293658c5a93fbd54e92ac,src/main/java,src/test/java
2bca40cf59bfda485f2fbf43b8bd66509a8f98ab,src/main/java,src/test/java
4eb4f2b2e88a2f9e6c5c1e8d0477060954f24218,src/main/java,src/test/java
c090381c55b6d275eebe60053d36f198ffe793ca,src/main/java,src/test/java
a229d7354da5210a728ce5d43158d5cd780772db,src/main/java,src/test/java
9e8ba01343f2b39185846821407e93ca5240bdb1,src/main/java,src/test/java
f148f88de365c50eea28d3e14093e13c33104483,src/main/java,src/test/java
e38b916ba1ebd3f5c00a6b6b8e77a4cdfea2800f,src/main/java,src/test/java
ec48e0cc39d86f95f7b9184aeb1891d721109e55,src/main/java,src/test/java
00c8d2b7623259246c4eb5df63494c6b42c08f85,src/main/java,src/test/java
aa81e10c34f48a3c4ac7160aa90ee18af4f5c0c2,src/main/java,src/test/java
f0f0e41e6c581de43dfaa98f5c2af52e43e42e62,src/main/java,src/test/java
222feb1791388d1e94e2c99bb5858cf160904d16,src/main/java,src/test/java
3b2440a257df45fc49884a5c67bb0c9ce631781d,src/main/java,src/test/java
d3c582598890d1e5e31e4f26e8452ad2dbf40b47,src/main/java,src/test/java
f41efcd0277bd426f1c409f2fe23080926050abf,src/main/java,src/test/java
6e295d4428e4f04baf65c704f00f3142b46f34ff,src/main/java,src/test/java
4f5a56459a98e21780d813919da66de9eee91b74,src/main/java,src/test/java
84ffc4b73ca48ebe2423eac7a5f7b0aaa6c93aad,src/main/java,src/test/java
fa929d4f4b1576f3f2c4020892b74bc3518575e7,src/main/java,src/test/java
c28e5bf53a9ce9e32ab84ce2e6eba87ec747d1a0,src/main/java,src/test/java
2c58e975ab00eb369ee3dfbba07a4a78a1ef9e19,src/main/java,src/test/java
38d04b7dfc11c37e29548d8b046b9b209dfd1fd3,src/main/java,src/test/java
2cad0592106c30b04fe328b3989af619dcb6a49c,src/main/java,src/test/java
b919f01e4719631f2621c523d78777ba237be7dd,src/main/java,src/test/java
f44d6e64ac97d4a5c119e3e22f22f4d87c94b7e1,src/main/java,src/test/java
d8eb9bd63c861132e5307a65e8f2f234fab2416b,src/main/java,src/test/java
a623db776696c0e03f68e849147f6a0c57063c02,src/main/java,src/test/java
c221cc8ab03fe7a88982cdddb9e66cff546d29df,src/main/java,src/test/java
8fecf72da0c9d1d6da7ec1aab0214ff68588da88,src/main/java,src/test/java
b6dda00bc19f6d3bc4009a6b9a4a932de9640bd4,src/main/java,src/test/java
83f01fd864e59fa69c894da06f4a15489222d401,src/main/java,src/test/java
7462c0d9be34f6546520cf567dd5ea402c9cf329,src/main/java,src/test/java
8121d8cfd151ae981f1ce6e21203f2b8c24fcf31,src/main/java,src/test/java
f28c024ba127fd701f0d195a359afbabff04d7a1,src/main/java,src/test/java
0db39c27585d52fc19084a8090face5249e2bb4c,src/main/java,src/test/java
824e82fff399c86cc3b7905ee6a952a848b2e69d,src/main/java,src/test/java
2f6eabc9f0999421acf032c79f3106215c013580,src/main/java,src/test/java
b934c5d3e30917de86796c89fcb7cd000f642a80,src/main/java,src/test/java
1fd04fdb7be9ac08369394ef85537ad0ccaa2064,src/main/java,src/test/java
d51f6539c6245847f4296230077faade0e5d6973,src/main/java,src/test/java
35bceca331e07938a9c4cd62d68e08740cd39575,src/main/java,src/test/java
c4f6a622ef63687c23a21e795d7a3e32de222d2f,src/main/java,src/test/java
195566fa6d4092c6983fbf497c37ae53a188fa90,src/main/java,src/test/java
32af6ba9f1b15f89660645a7a27f89517a0890c6,src/main/java,src/test/java
4fa93397353a7cd3cf15f9c29c40f8a18fc051e5,src/main/java,src/test/java
925ecb3b9c87cf4ac024c6b2a8301083fd7b9175,src/main/java,src/test/java
45111a152d6568c38c268b6460045ad60f7cdeff,src/main/java,src/test/java
22a17d24279450e7e214b57beb4c0bda5f3698e5,src/main/java,src/test/java
c324fabe86c0a59eb635610dc85d8d7a7be25c74,src/main/java,src/test/java
2412188026aa32491e769d6221c16a3bda6e897b,src/main/java,src/test/java
fb8b60b4d3d202c6fa708f60b8b4a5a53836af24,src/main/java,src/test/java
06159687218f6b9acdcab87ac112dc680867aa7f,src/main/java,src/test/java
f3035cafbbd8830de75f641920f8e5dbf0070f7c,src/main/java,src/test/java
a58c8e679c00be9abea4925d3b96c16fd2cd9c64,src/main/java,src/test/java
2d340db5b1ba48079b3bad81a5ffe7c9c7ac26e0,src/main/java,src/test/java
1b38f80d623310e84c87b2d708ed0ab648dfafc5,src/main/java,src/test/java
adb7a15a1e2dd6742a25592602a6e8ee77b518b6,src/main/java,src/test/java
1ece207d4d14336c405e9e3c2edee3f1cf88d14d,src/main/java,src/test/java
d32321351ced83c7c2edff2abe4a8b2fa17a6bd7,src/main/java,src/test/java
c19acbb96c1c02deb310488677201683f6309708,src/main/java,src/test/java
4d78e0316e1eae331bc0b460f367ce878688d6d2,src/main/java,src/test/java
f75f47397836ba2127f06c8390a87eada369f7cc,src/main/java,src/test/java
aeaf3c1a03fe4d5bfda4d63824a1f97dcec42e74,src/main/java,src/test/java
5fa76800671ff1d5477a383a0c3516d6fcc0a55a,src/main/java,src/test/java
1d7e6fa1c5fb974bdae7abeabbb1e5a48dc00967,src/main/java,src/test/java
5f0714329e2763d330460efee8ccd7f69acc8e7c,src/main/java,src/test/java
b8411990753314ed3b746d3402dec5a65ff6d603,src/main/java,src/test/java
3264eee7edb8eacb4da97155a7224712dceda9e0,src/main/java,src/test/java
e38af6a351cef738885cb61fed828d9c9f6ec5a1,src/main/java,src/test/java
d1f9c8ec636bfc813f2322e42c692303fa13fe91,src/main/java,src/test/java
9cb4bf068e6e76836b5fa740d7bcc2bb058a14e5,src/main/java,src/test/java
8c7414da71bc7c156f44638f44718c5f70b70460,src/main/java,src/test/java
3475dc846d78e56422b3e6fdf36dfd4416f359f5,src/main/java,src/test/java
c3f8caa7c16c08b803b0f34bfffdf9777c7e382c,src/main/java,src/test/java
461609f686bf49177f125425c160c730700f0c7a,src/main/java,src/test/java
c07c0eead5ec708303b7bfb54c28df2e7cad19e9,src/main/java,src/test/java
4c142cacf4d92b2214b3858e033d518ecdbf57f5,src/main/java,src/test/java
64eef180f610d0dad97873f6786b103700ddb8b2,src/main/java,src/test/java
f627193ce0950f0d55ed1b4f6a2fe9973447853a,src/main/java,src/test/java
f9307ec96a894191e5d3782601ddb49fbfc53ea6,src/main/java,src/test/java
02668f757c59f0c1a7ad8f3169faf061b4b787c1,src/main/java,src/test/java
45c54996c4e8d74cf84304e767934ff584c24702,src/main/java,src/test/java
bf4f99c72ba3d59486e0decb59a2b87edee4f1ff,src/main/java,src/test/java
df272b77c2cf89e9cbe2512bbddf8a3bc28a704b,src/main/java,src/test/java
e5210d1f9ef4f1d41ff0a8c4a2ab8e9192d5e087,src/main/java,src/test/java
b92b4f6b9b3256e97bfb6a0732bf113b6da53a4c,src/main/java,src/test/java
71561e09e0f29ec5fd1bb918206f3d8e42876518,src/main/java,src/test/java
2c4e79b104c0ff32566ce247617d47c0b39cc2c7,src/main/java,src/test/java
1028b37a1dfbc5dda7b18cbe692ab168c54fb505,src/main/java,src/test/java
e0f9c5fbb3961ab3a5baacabbde85a2569abed65,src/main/java,src/test/java
0f7e0cc373aced32629f5321c9521f81d8248647,src/main/java,src/test/java
3c699bad0467bec4adc55666f0d02e312ab22a60,src/main/java,src/test/java
47a7f5ab2a22a2ce526f96e0cf9f2c46511c56d9,src/main/java,src/test/java
e9feec90dbd3e428dc1930c3b5efbd9271160d01,src/main/java,src/test/java
bf6667c439a1fa29ea50d531b65633ffe150d16b,src/main/java,src/test/java
850a9cc02fb72cc450d1a9dc41912fa80fee9020,src/main/java,src/test/java
e38dfd44829e13ee83fd62bfe937580f5a998c11,src/main/java,src/test/java
77966f79996f3fc4c7828b4d02a926c071faf040,src/main/java,src/test/java
6be19a6fa26e6e5e3d716283bad4b5de0348a8b7,src/main/java,src/test/java
39e90ee38c3ce7aa254bb89740282c12eb149162,src/main/java,src/test/java
bdf1df7eb3ca76cdcdaca38f7df5d941bbb1c664,src/main/java,src/test/java
a810d2e3615da9a37ad74a7db2ca8bc6945ab9a8,src/main/java,src/test/java
4d104721d96baaa6a6c28d2b472a37f631227f46,src/main/java,src/test/java
1933e9727c694863d6b7a9bb98682b560510d212,src/main/java,src/test/java
49c4a148b7817ed424e8cf823ae601863fec31ce,src/main/java,src/test/java
25ba713e1d1a97ebfee38c0df3e7e6d4d9615f97,src/main/java,src/test/java
973234bc842b0de2febea195f7819236b57fd992,src/main/java,src/test/java
38c13b5ae97c294afb859c49ded903beb7b9b100,src/main/java,src/test/java
7ff7c43e9fbf4bbaf2b4517b3d4f8a429d87d3bb,src/main/java,src/test/java
8adcd55d8abe4c84ae2dcffb9a882abc4143bb93,src/main/java,src/test/java
8b837a43cbe2c12624ab2088dc4ff9a725af5f4d,src/main/java,src/test/java
1d663eeb1c0d1c08bcfe5d30f05170768bb0438e,src/main/java,src/test/java
eaf876dc4a149e674f1c871894ffb4ec188f2d62,src/main/java,src/test/java
315655cc11c9d49bb821dd800d45580696b02185,src/main/java,src/test/java
7de614ffd01161d8718d7458bab9d9690ad2334f,src/main/java,src/test/java
247c5d05f4529e55aa1fdbd333f99e323809b5e0,src/main/java,src/test/java
a63ed9938a441c0496e7789b09e59d298370d9ae,src/main/java,src/test/java
1e576bbb7bb896b8f2ee7f3c20224d678fb21acf,src/main/java,src/test/java
27a445b029b02bced263a0686f40a4f373827953,src/main/java,src/test/java
0fc3d6728ae270fb38f9778ad7fa2663060b50c7,src/main/java,src/test/java
e9e613706443fd1cd3458d1e5116c0498afd8b09,src/main/java,src/test/java
a9439f0c503ac8e0f009a0ec39f8bff1a6271d51,src/main/java,src/test/java
b61a3e6b340b878b30c518e35c6066f559b5102e,src/main/java,src/test/java
fb588770a45a9ab6b64fce0f800d50ec225a42ee,src/main/java,src/test/java
