4413c299ea09c57b94af8647eec901554c2f5c50,gson/src/main/java,gson/src/test/java
c6a4f55d1a9b191dbbd958c366091e567191ccab,gson/src/main/java,gson/src/test/java
905b7ebccc9b37824ac456bb0bd564ea0045d748,gson/src/main/java,gson/src/test/java
339d3dd4d01a726ca2686c6def4f0a4f9385954b,gson/src/main/java,gson/src/test/java
fad12f85d4b71f29c26151c63f4fb5ecc0c0eba6,gson/src/main/java,gson/src/test/java
25d07cc54a42cdea03614f14055f4253a940b36e,gson/src/main/java,gson/src/test/java
2cac11b44984640ffa2ec5cccae0c8643b5bce92,gson/src/main/java,gson/src/test/java
e8e8b557d2d81cd01e3d7a91e67752a859b232e6,gson/src/main/java,gson/src/test/java
23288eb36398648c7016705c5985c7a9fabf53c6,gson/src/main/java,gson/src/test/java
fcfd397d6fcbd4dd056625a0200ac6b2190520e6,gson/src/main/java,gson/src/test/java
82edd57205fe48015f81b2986f27856cb9f7fb29,gson/src/main/java,gson/src/test/java
bb34247cc4283b91ed657238a37744eaa1b0f3e9,gson/src/main/java,gson/src/test/java
8e570ee3a2b5dc637c0fd270e09f67e72de35f83,gson/src/main/java,gson/src/test/java
31ea72a29f5aaf2fc3d59eefbf72d5eb68c8b176,gson/src/main/java,gson/src/test/java
d805f221668989d63c3c0e70bab678f0fb80ef5b,gson/src/main/java,gson/src/test/java
24eec9428bbd2a6f24b36b8a216ca425b8b5252e,gson/src/main/java,gson/src/test/java
77e31ed999bfe49aac9981dc661a64b5bba41986,gson/src/main/java,gson/src/test/java
1867457030d3c149566e95a019033cce4ff3cf90,gson/src/main/java,gson/src/test/java
f0bf15eb7a687077222aaa8012b0345b6efe125b,gson/src/main/java,gson/src/test/java
f73f8e063bd37427fd6c1b6986f41f274c17b22e,gson/src/main/java,gson/src/test/java
0a93efada5edd251516eb6927b295a1bd1864509,gson/src/main/java,gson/src/test/java
09839be00420a6294628915defa93fdd042ff406,gson/src/main/java,gson/src/test/java
b4978a8062220ae431750d93f76d737e83a5bd89,gson/src/main/java,gson/src/test/java
6cd5ee63ea849d2133bce770a3caa3e40aca8deb,gson/src/main/java,gson/src/test/java
87717662f72436f547333a270d289743f79622aa,gson/src/main/java,gson/src/test/java
b9738875c049ed22a029b15180ed4ad117676f0a,gson/src/main/java,gson/src/test/java
aa107894dd900531e17a05991f70c50c2b0249d0,gson/src/main/java,gson/src/test/java
39b5d487d2203f0a954b0e7cbb33fd5466f99904,gson/src/main/java,gson/src/test/java
31f80d86590e523af1360a1a3d0f330989434286,gson/src/main/java,gson/src/test/java
b82e1b09319550bd7b377e5c766f104721e777f2,gson/src/main/java,gson/src/test/java
93605e7145c989d4f38ae347c9f31d605efcf434,gson/src/main/java,gson/src/test/java
8e1da9cf1ae18939eace17a147c386723d8fc267,gson/src/main/java,gson/src/test/java
9b6a381202465cf56ba76b82d710eacfa941c613,gson/src/main/java,gson/src/test/java
3361030766593c0b05e17dace401cce6fcdf9e24,gson/src/main/java,gson/src/test/java
cb6de2beec502e74208049d013dff3d880327883,gson/src/main/java,gson/src/test/java
095ebbd5a116599a044c85221bc24d01b685ad86,gson/src/main/java,gson/src/test/java
3b1671dde97a6d564b3f4c3210fbe777dc3aa3d4,gson/src/main/java,gson/src/test/java
51082b4759c2e24f7e836a07fbfca35e163823c2,gson/src/main/java,gson/src/test/java
2b15334a4981d4e0bd4f2c2d34b8978a4167f36a,gson/src/main/java,gson/src/test/java
8cf538169cc12becd2236ba3be8078c5c42f8e45,gson/src/main/java,gson/src/test/java
10714ef0427536b679e9677f8417807e4cce017d,gson/src/main/java,gson/src/test/java
fe101c10bc3597d8e715a31d94d2cc0cc54b660f,gson/src/main/java,gson/src/test/java
55b4a3f9b0adc2d494ae0b3bf747afb398f3b9dd,gson/src/main/java,gson/src/test/java
9e5f86d10b3b3ff4ba0dfe7ba0722c9e640fcc20,gson/src/main/java,gson/src/test/java
64107353a37e623ed1f8fecb4422c24212cf6fe1,gson/src/main/java,gson/src/test/java
00cf46cde434d8a9909bc13ead6664acf1b6240f,gson/src/main/java,gson/src/test/java
f8105f0006fb81a15be1ff8eefe7a17488a29fe8,gson/src/main/java,gson/src/test/java
5e3d4320cf735b4940a63f79eeb586ea549cb1c1,gson/src/main/java,gson/src/test/java
e48c780389e62a8ace3a59f52935c8e79cef134c,gson/src/main/java,gson/src/test/java
b45cd98ea1a3c5d884c3353aa71392d465752db2,gson/src/main/java,gson/src/test/java
f6423959498935be6b556f539f18b1aa14bae554,gson/src/main/java,gson/src/test/java
8e4ad57874be28662576eab6aa76f1b7fc00b556,gson/src/main/java,gson/src/test/java
90fad0181eb6c8bfb13bd7063818fcfcd2308e21,gson/src/main/java,gson/src/test/java
a270c6b19dc9f3ed43fbe75623085c4a3b6b4b80,gson/src/main/java,gson/src/test/java
5fdba9f647b72f55d186223129c75d9d7650b0fe,gson/src/main/java,gson/src/test/java
dcbcf067fc660ed6dd4f8a95d19d7c86b0b26a0a,gson/src/main/java,gson/src/test/java
b1cb92c4a5982449c1218fac99cf5b1f26399b8c,gson/src/main/java,gson/src/test/java
01cad42b82fb9a87332a128fd5c2c04e5fd74f21,gson/src/main/java,gson/src/test/java
016aac18af1c0dbf5c86518857b9c33ed5f20baa,gson/src/main/java,gson/src/test/java
59a8fb5c5e5f660dcc885ab1617707b3bb5a6d76,gson/src/main/java,gson/src/test/java
1f803bd37de5890f6da53f0b1a1b631eea4d1b8f,gson/src/main/java,gson/src/test/java
34f400582973ab41e39d942618398e83ff0efbec,gson/src/main/java,gson/src/test/java
57b08bbc31421653481762507cc88ee3eb373563,gson/src/main/java,gson/src/test/java
2ab776b5f5075bd98e7eb730cb03772f2b734b45,gson/src/main/java,gson/src/test/java
af68d70cd55826fa7149effd7397d64667ca264c,gson/src/main/java,gson/src/test/java
8383f5c7fa34ae68323fe2816ef8c1307b5d0f84,gson/src/main/java,gson/src/test/java
7c65a225f5cc5e2054d55854dea1c191ed6bf977,gson/src/main/java,gson/src/test/java
09c3a95b142640e132f24311266a504d7f505c21,gson/src/main/java,gson/src/test/java
85722329db31954eff59f816ab7cf4d6b9eff567,gson/src/main/java,gson/src/test/java
233f6dd59690bfd066a15ded4839614f9d395d8b,gson/src/main/java,gson/src/test/java
0ae177fefbbe56987392482e7b310139e20147e8,gson/src/main/java,gson/src/test/java
6f15cd0060dfed248eae0219d35f20d89022972c,gson/src/main/java,gson/src/test/java
02838e1e304b3742d90e89e574041a9eff3e1146,gson/src/main/java,gson/src/test/java
a52828cde7578933a8cbb2d3ff3794ee107d450c,gson/src/main/java,gson/src/test/java
8f8d903913d04c4dd31f80d95a64e66b0861e901,gson/src/main/java,gson/src/test/java
29362de13499d5867d09e593cc51ff3c6d4d646a,gson/src/main/java,gson/src/test/java
67bd3a2cf6f9c9c6e7f615969b1918f68e03932d,gson/src/main/java,gson/src/test/java
dea305503ad8827121e8212248c271f1f2f90048,gson/src/main/java,gson/src/test/java
f570002a2519a8ac09d260bfe4632fc1716cd1bb,gson/src/main/java,gson/src/test/java
607bcaaf9d85560e53306bc2a7cf6333e9b314f1,gson/src/main/java,gson/src/test/java
4f9d3e48d9509f76178db551e56104db57d502f8,gson/src/main/java,gson/src/test/java
1f15d76b235b0dbd0880d5589414a6b3e17ca3df,gson/src/main/java,gson/src/test/java
a02f575797d9295bff8fb92d266b0f9724e42098,gson/src/main/java,gson/src/test/java
2b08c88c09d14e0b1a68a982bab0bb18206df76b,gson/src/main/java,gson/src/test/java
26f3b2d637b72a3a47ffbeaaf88dcf6e106977a5,gson/src/main/java,gson/src/test/java
ee8d6be59ff6f2466d65be746b96ccf07ddb9ddf,gson/src/main/java,gson/src/test/java
0c7e39981975fa88fbab012d42047ba5bc9522fd,gson/src/main/java,gson/src/test/java
87cddacec59e05e4df194e81510a541459fa640b,gson/src/main/java,gson/src/test/java
48c430b811b8c8b6b3651527483f4bba2f13f659,gson/src/main/java,gson/src/test/java
a477f4f0ca9405ec85e65e1d9b8f2454e9ff1a0d,gson/src/main/java,gson/src/test/java
6f6af8050799bec5321d2c06cd3230daadbb6535,gson/src/main/java,gson/src/test/java
0f66f4fac441f7d7d7bc4afc907454f3fe4c0faa,gson/src/main/java,gson/src/test/java
874e74a3072f7ff0d2533296698ad126321516d1,gson/src/main/java,gson/src/test/java
18f1795d18a11594e2adc34201ba2195985b4c96,gson/src/main/java,gson/src/test/java
d5c090835f18a6a4aa70010fa83249db359e5222,gson/src/main/java,gson/src/test/java
d590ca90875676fd4e6d393174e8e8fbf0279094,gson/src/main/java,gson/src/test/java
03337640c2d98086ec0ab8e8ffba881d846f3f24,gson/src/main/java,gson/src/test/java
c101e31c6984c763ffdd786248fda871fdf6aaac,gson/src/main/java,gson/src/test/java
0f80936ecdf4c4d32eaa044305efdb3fcdb81ffe,gson/src/main/java,gson/src/test/java
ecda3582a6527d5be2c200fe72b04fe2ae30624f,gson/src/main/java,gson/src/test/java
bb451eac43313ae08b30ac0916718ca00c39656d,gson/src/main/java,gson/src/test/java
2360cfa05c3e739e9b6ba4fb44ebe7431e377bf4,gson/src/main/java,gson/src/test/java
854760e6c7131b5ec5b1ec07756a3b2d0807aff3,gson/src/main/java,gson/src/test/java
daa92e3fdc2ecc4e8692cd28e26c2017b1dc3bc9,gson/src/main/java,gson/src/test/java
86ccf826fcb021b8950e75cbb2e246fa75abf42a,gson/src/main/java,gson/src/test/java
ebad966efd8dfaf950b8e93fd39041e7fc5c4a27,gson/src/main/java,gson/src/test/java
5f63fcec98881e16ff950e9d981ce86a2563fb51,gson/src/main/java,gson/src/test/java
c24af304077e4a6d1925db7cd35d0cd1ed488d6a,gson/src/main/java,gson/src/test/java
b2c00a3b02eec48ed621fa7cfec54ac6da4aa48d,gson/src/main/java,gson/src/test/java
86765d23317fa22bec1bfb723213b4b7f3b938da,gson/src/main/java,gson/src/test/java
f482f4a1cb47e53d0aca86e9d5035af6d2240a2d,gson/src/main/java,gson/src/test/java
8b464231f735b3157f38c6e589171dc17f709ba1,gson/src/main/java,gson/src/test/java
2271525dd5d50311bd6b9bf8930ef8bb789928cd,gson/src/main/java,gson/src/test/java
74f4f74b8b752d13c14aef448a883a297fe3f764,gson/src/main/java,gson/src/test/java
d08e077cfb402adbb233aac0383e1d1acfbd985c,gson/src/main/java,gson/src/test/java
504d8240cc74fd4cb77d50221ebefe25218b57a2,gson/src/main/java,gson/src/test/java
0636635cbffa08157bdbd558b1212e4d806474eb,gson/src/main/java,gson/src/test/java
21ed8b4cd6f054ea22e4404cf591603aa701f721,gson/src/main/java,gson/src/test/java
63a69ad1321f1b22abdf4d611b52bc9902f06aa6,gson/src/main/java,gson/src/test/java
fca867d35618cd0b0589d2e0c136a927964533b7,gson/src/main/java,gson/src/test/java
b1eeae53bc8383b3cef43b34739ec6fd2f2214fa,gson/src/main/java,gson/src/test/java
791236ac79e535146b07a7dd5c85ab168554f5ff,gson/src/main/java,gson/src/test/java
44cad04a639b3a53f4205f93acda37b3f7d10871,gson/src/main/java,gson/src/test/java
5f73666404aeefd01b1c0d13302c3f0a238cdeac,gson/src/main/java,gson/src/test/java
4976e420fceaf0615f93dd3c59d5243b84160ffb,gson/src/main/java,gson/src/test/java
d125fc78cc0600fd0236766b6fda7d8c4ae6b3f6,gson/src/main/java,gson/src/test/java
08c7bffba0e93611162cadfaf2ee03e3d143e7d1,gson/src/main/java,gson/src/test/java
4a57ba6afddb75c2941100727d60e7e236d1e95a,gson/src/main/java,gson/src/test/java
7719e73a108c450666613c279bedaed724cd9cc9,gson/src/main/java,gson/src/test/java
9e6f2bab20257b6823a5b753739f047d79e9dcbd,gson/src/main/java,gson/src/test/java
2d072bae3add0fbdb74766bf9fad9fc54267a844,gson/src/main/java,gson/src/test/java
e0f0854ac23c07658cce5877b1fc9bc5995b1688,gson/src/main/java,gson/src/test/java
9e44d60b83d667d96150eeff4e3f04cd4f157e9a,gson/src/main/java,gson/src/test/java
fd37cf1d0d3a37ade0e74f07e91c97a925ba42db,gson/src/main/java,gson/src/test/java
8101ab74e99f52c5a8feb788914e3a4efe0f17d7,gson/src/main/java,gson/src/test/java
423ff04a75c3c83ab8be24c303aaa6aa10da7dd3,gson/src/main/java,gson/src/test/java
3063136a2c3332ebfe07b7f5e9a00f1af43b61c2,gson/src/main/java,gson/src/test/java
441fa98735c1360a6db3c13037b898d3e980e9de,gson/src/main/java,gson/src/test/java
3fdedd405b84905416bfaa646259e93769abc046,gson/src/main/java,gson/src/test/java
537639c9e8ac40093429ad221b5dadce1cab2cca,gson/src/main/java,gson/src/test/java
41e48f7aa3a686778e95328693b830856538e9e3,gson/src/main/java,gson/src/test/java
9a2421997e83ec803c88ea370a2d102052699d3b,gson/src/main/java,gson/src/test/java
5412f21431ebace2295e933fa0446adc0abf4b01,gson/src/main/java,gson/src/test/java
09cbc8073bb2bc60aeed6b831be4473daaf915ae,gson/src/main/java,gson/src/test/java
b58de2f4aeb380729bed58bde3c74eafe804d877,gson/src/main/java,gson/src/test/java
f7012e586514524ccffe475e1a07757dbed6563f,gson/src/main/java,gson/src/test/java
5848096f3e1f36c038f522a3d7d6b9e3b553cf8e,gson/src/main/java,gson/src/test/java
a300148003e3a067875b1444e8268b6e0f0e0e02,gson/src/main/java,gson/src/test/java
b8f616c939c652b8540c95fa2b377b8c628ef3ff,gson/src/main/java,gson/src/test/java
0aaef0fd1bb1b9729543dc40168adfb829eb75a4,gson/src/main/java,gson/src/test/java
ada597e69a78b8b99f79f79493cbf51e16045202,gson/src/main/java,gson/src/test/java
2a08e3906cbb7704871b5aa57b2fcd9e6bee8a52,gson/src/main/java,gson/src/test/java
3090a7ed2af4d6d2e6bd3647d12839bb4ad404e8,gson/src/main/java,gson/src/test/java
74e37110e5edf38d1c9ec1b46f42670340a0c6c7,gson/src/main/java,gson/src/test/java
1c09b3f92899b2a88a216932a72a0708e4a40550,gson/src/main/java,gson/src/test/java
ee691fba43663d1715752a7642f4b4ece1738567,gson/src/main/java,gson/src/test/java
03a72e752ef68269990f984c9fd613cfd59224bc,gson/src/main/java,gson/src/test/java
afcb3815d9f3256a9d34f275f4d3701d82f7bc4c,gson/src/main/java,gson/src/test/java
d9cc7bc60b492664fe9f328d1bab9f9ae873f4d4,gson/src/main/java,gson/src/test/java
558c13918ea98a13e285ab7b12885ad7ff7938cd,gson/src/main/java,gson/src/test/java
f0aa1118e9ef66ed324f9a63cdfb551cb4e9eca5,gson/src/main/java,gson/src/test/java
7a9fd5962dce7f277efa15fcc996606be0733bac,gson/src/main/java,gson/src/test/java
ddcd6aea7d2069b13afd142646f6c92b8af63acb,gson/src/main/java,gson/src/test/java
500672c80d5aec78cfa2f866ce8febc22266cad7,gson/src/main/java,gson/src/test/java
4c3e4715895abb3d830b323db104c40eddb6f026,gson/src/main/java,gson/src/test/java
a8f7acd618e7535af67bb9f525c6f15ba52937a5,gson/src/main/java,gson/src/test/java
08bbb226f11a1f7f76835f953e700d905e1fab4d,gson/src/main/java,gson/src/test/java
b1fb9ca9a1bea5440bc6a5b506ccf67236b08243,gson/src/main/java,gson/src/test/java
e38a6ce60dc5f381482153842fe2c74319d1f44b,gson/src/main/java,gson/src/test/java
d9249e9c36fbb4890f6d00f90928d3ee63fc1a0f,gson/src/main/java,gson/src/test/java
28344d861d6e539d482ac9743788951191b965fe,gson/src/main/java,gson/src/test/java
6c05cedecb6c200e7f15e81b95a616ba503d78d3,gson/src/main/java,gson/src/test/java
855f0493d0edba5d6f6ec4c72a46bfef225ef22c,gson/src/main/java,gson/src/test/java
6e2fcdcaf252c54a151ce6a4441280e4c54153ae,gson/src/main/java,gson/src/test/java
6b20e3aaec0b3280f01c7785b5dd391ab6de9cc7,gson/src/main/java,gson/src/test/java
be23a3aeeb9b5766b92e803d4f001bfaaffa45b7,gson/src/main/java,gson/src/test/java
ab35f11077e6a4eb41066ccb4acd8dd1aff28a63,gson/src/main/java,gson/src/test/java
bf4789bb1f3e8e3e404ea62cdddf88b83f02340d,gson/src/main/java,gson/src/test/java
1b28ff3cda251af75b57110d59ae98882c54a1db,gson/src/main/java,gson/src/test/java
941363f14c8e394ab75a62b4ced4d9dacdffbb6d,gson/src/main/java,gson/src/test/java
049bf84e6803444282d0ad1c4c43f5359cc1dfe5,gson/src/main/java,gson/src/test/java
57085d621242cdca665e94dbd880738c37b9490b,gson/src/main/java,gson/src/test/java
a6890bbaba29fb1074388c06bf0c231f8e06b4f2,gson/src/main/java,gson/src/test/java
1215841e46f1e90d964d335acbc0d8c9aad43590,gson/src/main/java,gson/src/test/java
d84e26d80c39e3b8e34c7e8bbef0ffb35e2947b5,gson/src/main/java,gson/src/test/java
4c685b21a83b754abdf129f2efe9b9129aab8768,gson/src/main/java,gson/src/test/java
35c0ea746874472b5a85acc5f07c859765efb6cb,gson/src/main/java,gson/src/test/java
9d44cbc19a73b45971c4ecb33c8d34d673afa210,gson/src/main/java,gson/src/test/java
67ff7d519826279d2e1f24ae6bf98c0a5b394f2d,gson/src/main/java,gson/src/test/java
c1e7e2d2808b042cbe47ca31869ee6ccc62c5417,gson/src/main/java,gson/src/test/java
92b617379191bec5bc498830c87b0c143975848c,gson/src/main/java,gson/src/test/java
ca9ae4c288b5f4519f2166f42a2efac64fdd7834,gson/src/main/java,gson/src/test/java
3f4ac29f9112799a7374a99b18acabd0232ff075,gson/src/main/java,gson/src/test/java
27c933527572bf861b8cb45774b0ceaa48b8805c,gson/src/main/java,gson/src/test/java
5bbc768fa6cd3e8a3a7bebf52b0ac1e4c6e0bd12,gson/src/main/java,gson/src/test/java
da5cae371e8b739fe63a6c6d16debf7b297dea0e,gson/src/main/java,gson/src/test/java
4d942db168c593ba86e46e2b26b026ff2b0d1018,gson/src/main/java,gson/src/test/java
b75e1bbc7915f409ba0254fcc92c71ed6798e69b,gson/src/main/java,gson/src/test/java
3c6eea6b7df00cac5a080b28533cd34c120c3860,gson/src/main/java,gson/src/test/java
bac26b8e429150d4cbf807e8692f207b7ce7d40d,gson/src/main/java,gson/src/test/java
ab0821c83edd07f4e69eef15b93dd109ad3f750e,gson/src/main/java,gson/src/test/java
8bf2949c2934cf9a168df24d0d2a29c702556a91,gson/src/main/java,gson/src/test/java
5370b076e329444860b0ea0c7f33b10504281f27,gson/src/main/java,gson/src/test/java
fc63a6af4c0b34e808b4b373d9f24ef72df42a04,gson/src/main/java,gson/src/test/java
62f89ac929c8660908f98ddb458e386dd95d4bb5,gson/src/main/java,gson/src/test/java
c5a3f21fbad3828deba1deb88168e1f76829f807,gson/src/main/java,gson/src/test/java
63ee47cb642c8018e5cddd639aa2be143220ad4b,gson/src/main/java,gson/src/test/java
f426700bc458f53588510fbb64e615dd95c1cf81,gson/src/main/java,gson/src/test/java
f07fa51200df2923174ae0e1f2bd25013522d28e,gson/src/main/java,gson/src/test/java
49d8630978f2e93c49d2955fb8cad9b3d19a1503,gson/src/main/java,gson/src/test/java
aa236ec38d39f434c1641aeaef9241aec18affde,gson/src/main/java,gson/src/test/java
f885e602f17fe053576b138fa56c19d1dd46ba6f,gson/src/main/java,gson/src/test/java
3958b1f78dc2b12da3ffd7426d3fc90550d46758,gson/src/main/java,gson/src/test/java
0409a2ecab8026848ec34dbd0f09378484d9d840,gson/src/main/java,gson/src/test/java
0e90771e455cd5db201b7beaa2456ffdf50c78f2,gson/src/main/java,gson/src/test/java
7845c380778889eab5c57c24da416bf4f3da9b50,gson/src/main/java,gson/src/test/java
d6e6a01f02417052cb1b65e9056bb678c4f91d98,gson/src/main/java,gson/src/test/java
20dca860dd023bbe917ca5a3fa5c3b7b3615be60,gson/src/main/java,gson/src/test/java
c18813884285493e69d94f004c294f539cc49828,gson/src/main/java,gson/src/test/java
21fc362a7ec9d312c34ad82df6188c6480280021,gson/src/main/java,gson/src/test/java
6818a2058f2da102e6d084b759f19a2216313e87,gson/src/main/java,gson/src/test/java
236533ebd6230d5c16000f9b72c1e9b821c2999c,gson/src/main/java,gson/src/test/java
9bf25c2eb6b6211550f7ba354641dba4bb887b35,gson/src/main/java,gson/src/test/java
87b1d26d06d47ae709b7e953392257b7cbef1b62,gson/src/main/java,gson/src/test/java
47b28d99a17d492b37fcdd0fc41290419a010a0f,gson/src/main/java,gson/src/test/java
521fab2dd5e829b51cff6813d0b5405d4ab2d1ee,gson/src/main/java,gson/src/test/java
4109aaa6a92f3f9725c5e2f98308816761f0123e,gson/src/main/java,gson/src/test/java
