136e5d3a5bb758137001d79fa5f381dceb8a5128,src/main/java,src/test/java
62b87e1bdca8cb1e5e97c8777bfaec33a80c6278,src/main/java,src/test/java
8bb0ad312987a2bf839d3fa1dcab3e3fcf4bdbbc,src/main/java,src/test/java
eedb6de7442b703c0f0bd9871e87bf1388bcc4f5,src/main/java,src/test/java
91067db79930b61aa63ea4fb3aca143c276eec69,src/main/java,src/test/java
3b75f464095e68a77318e350e62612e34c6aaef9,src/main/java,src/test/java
7d24a77965460f8a6a3f61b3c9b49843e0e1def9,src/main/java,src/test/java
cd3129c9df30580b63a945b42c6092a913d40f00,src/main/java,src/test/java
730bdade49d7d77cae7de5187ec8ab9088239159,src/main/java,src/test/java
81f38e1985bdfafdbe02e32dfb5ccb200fc64eae,src/main/java,src/test/java
2d7683ed820116b77cba9b4b290cd7ce7dfa5cf4,src/main/java,src/test/java
c2ccf8d4eb1c9ae3372dd0e689c4fe34a8c65a00,src/main/java,src/test/java
f0f19a4c924d9db9a1e2830434061c8640092cc0,src/main/java,src/test/java
a96d27d4c74707965b257b6ecced4d337357545e,src/main/java,src/test/java
37eb331acce08142ad027f127c355f9b462fe9e0,src/main/java,src/test/java
23ab583c46a6a20b0c1232ebb91b16d4058c7502,src/main/java,src/test/java
79a4b57f2bbe08ce46e6dabb0a8b76f4a787141c,src/main/java,src/test/java
dadd11e57f6098d2c3cd5588a08c63ffa8390c4b,src/main/java,src/test/java
09db8e1ce1d2ecf0ad4ad4b0d8335999f42577be,src/main/java,src/test/java
4c6a8b996ac608251fa63286d6c322251910ca63,src/main/java,src/test/java
2c5f6f4e0f7bbcfa566fbc91ee57baf8dd7a371a,src/main/java,src/test/java
020dbe8b8b5e133ecfc17e219e21a538d2195ebd,src/main/java,src/test/java
e4a936cdb4bdf24afb7b3018001ead481ecb3cfa,src/main/java,src/test/java
ce61138456e10580c6bf78bc4009de926105c4d6,src/main/java,src/test/java
8aa276ba6b2092a562195f9a94eb562686a3352c,src/main/java,src/test/java
17f39695b24bbf0e8fa1fb86cbb5347d7ddadefc,src/main/java,src/test/java
8fd9463dad8d2232c1e947403ead465d6a3e5f73,src/main/java,src/test/java
bfb3c1d0e4b039c21f58f053906b7161f8037432,src/main/java,src/test/java
78fbb046f2c4798a29ad455ee29560d6375849bb,src/main/java,src/test/java
