29a7e67999568a5c86b32ef513a90d5d090ad2b2,src/main,src/test
87f142f5c85c9a7e86d02b4599e3973e773f3d41,src/main,src/test
8bb11519522dbe0192d6538a29b3356b25f5927d,src/main,src/test
ae83747b2b049ba37605622116579e8186dd3422,src/main,src/test
484698c5415bb578cb480845e2dfa930d3d49d9c,src/main,src/test
ad98aeccb923add1b7d57e977f8c72d982f6285d,src/main,src/test
6a0a1876772e74a1d4a7c82669784f8bcca8397e,src/main,src/test
8c5c6b936ee6d1afb75cc2cbc151887937dbcca5,src/main,src/test
ca30fae3acb59a5caef3c3c21eecae7c928827e0,src/main,src/test
5ef5bd199a4e3df74479b4b363fa29b0b3092547,src/main,src/test
5d3142a1639c7d8e792f3e72288f18e46ff3546a,src/main,src/test
1a4d9cc2572d220664f1b7c377cd318cd253052e,src/main,src/test
d2f27093d7d95a07da901902f894d88b4ecc3e95,src/main,src/test
e7e4a28b483fd58cd74b0604efb8b21e0c59c77f,src/main,src/test
2a19a7b7507e8e3e02e010d636b355f2f0f3f6e3,src/main,src/test
f0028e1b90f8d10266f3fe26bafa0882a81ffe82,src/main,src/test
efe3699122699151984e8499da9d42673a42851a,src/main,src/test
cc279433f33ad0c00e80ff5af734062d92c8a3f7,src/main,src/test
410ab04290294dec74180043dc2aa635ca1e4e80,src/main,src/test
c7b540bae35372e92490fb47f75fac508fbf25ba,src/main,src/test
c600de52e107d1fd3d5a9c1aa1bdbbd6754622a7,src/main,src/test
771a3b06f996de58151713ebee53e3906510e561,src/main,src/test
d80fbe4ae28502d01ac948239504ffe5065dca47,src/main,src/test
817666037d3c09b9138b161964b0fafc76d65998,src/main,src/test
7b6bf45d83c3ec028e686318b8d4f1a061723908,src/main,src/test
5fe700afb8bcc989a6778f61fe6d15c0fa08f862,src/main,src/test
516f6889c9153a59110d3ee9bdd907e95e10cc08,src/main,src/test
8bac2b6a1bd110cd171c89e75f68cd9a69624315,src/main,src/test
d2bfb078ea7660448481f3b8f91d2176b92708f8,src/main,src/test
a3816d270fdd2d9d5db285e21b74897df7f2a755,src/main,src/test
4c84e204cbce349f3c5722750561b91607d3fcae,src/main,src/test
f054152346cbd7c8afcdcdaf55c39f9967edacf1,src/main,src/test
346009fc677b252d052e9ee22c6a4cd2be10a032,src/main,src/test
3b6468ac4f765262f68d3d289d25bea3da521c16,src/main,src/test
d47ef8f7b5447d0a0baa8be70c5183161e63068f,src/main,src/test
55e9d25f779a3ba726a9904641e656de93a1fac3,src/main,src/test
752d64769a5ec69b832d974dd679448ae45088e1,src/main,src/test
8bb467aa5ea9d916e82e6022cb492d1c829211f2,src/main,src/test
8e1667fa9326aae9e63c4d44eb376b048ba8fa42,src/main,src/test
ceb5ccba7bca5f00a5331945c7643c3d102e05a4,src/main,src/test
76a941217f9272693b5484ef360e8cf6491ef3a4,src/main,src/test
858aa75ed257a24acb983df372f634c3fc6c49c7,src/main,src/test
83c4b1c364c075bbb2bc44ad64d8a282340de4ba,src/main,src/test
c48289b1457f825240043b942ab621b59c5d2490,src/main,src/test
f7d0a7a2b13fb5eb29d9b815b9c091c89ecfd184,src/main,src/test
d8695b95cadffa51b7ac83d1dd6fae4bc0bb56c7,src/main,src/test
e941b7e3c45e7df96dad9c49235553b1bf585b61,src/main,src/test
97851a1983e19656e1f82277b47ed09d90bffc31,src/main,src/test
c116dde41fd1c073f00093123f771c276e8af6d9,src/main,src/test
2b9c06f58c983bb915b220f02be99aefaccd0a1d,src/main,src/test
1e48e151ea23f8891902834a4553a806c1312d60,src/main,src/test
f207e1439536afd5099c142ee43f070a0bd43d42,src/main,src/test
a9b17e3af5b608e9d807fed3344cebd5f624c098,src/main,src/test
e7b0dde346e610fa273bd4ff2c82f6cf8e6de6c2,src/main,src/test
8ed787c3799bb9d194e948b54d68ebdabcf1a2ee,src/main,src/test
190b24bcb395e1772624c7f7c3c0bc76876d47e2,src/main,src/test
fc18ae928f5dcfdb331e189f866e3ef96f676eee,src/main,src/test
2a6c6ca711f0f0d6aeef30853d5eb05bc68c2e85,src/main,src/test
82d967a3f9e3d4c1927ff682d0df7a09399df7b6,src/main,src/test
b120a8574071197ee494c6f272bf0f4d2e93c2c5,src/main,src/test
a82070e546d2c2f871895d32cd2f6629480c02bc,src/main,src/test
2d315263cb4a9f0eceaf8720375cd8452a490aeb,src/main,src/test
263fc1987ee6bfe8c09fdcb0f7339f49508978ad,src/main,src/test
4970841052d709afe55d975ac82eaa1c0d385477,src/main,src/test
895315e100486f5778f13106c4ea4f3440eb1298,src/main,src/test
4dcea8d73af3418da828b83626d06dc56be98c53,src/main,src/test
07cd4567d96f916c20af10e2779e44d21c9ac703,src/main,src/test
edb4ce323e9aad278d707be09fe1ef24fdba630d,src/main,src/test
05f878016d583b58806e59de862fca60e2e69d67,src/main,src/test
ce54f3476745a68d02b1db11444b71c758b1d1bb,src/main,src/test
1b7b452c7e49efd2bf6fbca0b4239c7aedc993db,src/main,src/test
7388ec14401571d45af94906310e136463f7dd58,src/main,src/test
cf1f05bb0e8d11ce22f685d8429358df21d72791,src/main,src/test
f983a961455efed4dbfbfb7623e43941ba8d31e3,src/main,src/test
afc89ebca46a71a9a3a91c9ddea6e17b49282479,src/main,src/test
38357dffa2dd39c91c4523beade08c12e8009acb,src/main,src/test
c82fe35c48bd0082c16644d16d82d1be79d6b9d1,src/main,src/test
7c0b78dd0ade55bea55abfea30a7b88ff7a4e5e1,src/main,src/test
9c881675d214b95fcf861b69b4204bcd7932f66b,src/main,src/test
8fc193527df27beeeb638e6e812e8c4df6c72f46,src/main,src/test
28b7b958d39730fc278fd1919bf335c52133a1a2,src/main,src/test
fb09a1d1244fe0331a05418f5ccd32b62f2200e7,src/main,src/test
b515228199914ea1767d707bf861b3e8efbaa41e,src/main,src/test
9bc3701fc327a1730381bea688f62da60891fd40,src/main,src/test
1596d05f667f0eaee70f3c8478fcaf67eed55002,src/main,src/test
4063338a3c8c87657a75c3c45a8b69560fee0e57,src/main,src/test
803e5eef54ae9033a4e180e9d7828dacd2db3dd0,src/main,src/test
a3556848ac1836d2815a8dee6397e21c238fff6f,src/main,src/test
c5154bc584847d19e75c421b71e2f3499164d2a9,src/main,src/test
722c81702112ae07b8fe1f57612a5e82e93e00b6,src/main,src/test
cf6e3352324e9caee8d94af525ee6ad1fecca337,src/main,src/test
0110214af6a802b2c7abc4f7151eab7595036478,src/main,src/test
bdc77f1b289f349e09051b482d7b4efbc6cd9f6f,src/main,src/test
83af056059bd781b6104caba38558cc4b5257220,src/main,src/test
2b1e98f2744aaa514b75b7f90c0838fc897b4348,src/main,src/test
5b2806103d5e6d4a7a6df1ebc8d88005ad7731be,src/main,src/test
d2d757416ed62f48afc65e570c08f7c08315a98f,src/main,src/test
2cb32b82b22da4e36cd12778ba98637843bbcf06,src/main,src/test
05bcf7d1cda34baa41333da83b0d743b6ad4d658,src/main,src/test
5f8141e3254379958f914d63c193b8d37509a0ea,src/main,src/test
dd09ea7736fad17916b517adb6d153b25b8b41fb,src/main,src/test
5af6d23690d89bcbae93bbf0cd43cbb91d6bb9ae,src/main,src/test
7b1569046b625c1855cf25297aab3e5d3b5ca2d9,src/main,src/test
cd07a9721ed81850d97a2effc26a82154d6d3d29,src/main,src/test
fd74c0e15da3fe3cc99ffd8297138e59b3cd25d5,src/main,src/test
50a1d17b5402accbdd59e62e68fa96172c9e3764,src/main,src/test
39d5df29fb768fd257f9d328b99f00bc69ec864a,src/main,src/test
1189e1b201e0234b54df551804098df18bd9f445,src/main,src/test
711c2e1aff80dc3205e7a3608a2ac391894d6711,src/main,src/test
7d378fd087eab0d66b2e069dca35837ce90ad1f1,src/main,src/test
570431c8502a6705e749b62ebf5519930946a776,src/main,src/test
5dd9e60cb226c571e13832023489e8bc366ce69c,src/main,src/test
1ab9a1c6b3b0d588dd099d4d0db5568b2eb94389,src/main,src/test
37ba197e62d6b60037d18afc33801e6221f1b8c6,src/main,src/test
443795f294dfafe40ff159fc651c3dbac6f8d310,src/main,src/test
8c145775da55fb33104751199a28809acb657c1f,src/main,src/test
e199951ded476c2dd988490e90092f8beb1cb9b7,src/main,src/test
379211207d6d9937e11757714f3c7afadabdf567,src/main,src/test
66436373d83a18676dd6d24f0317200a4daf83f0,src/main,src/test
cfd44eb99719bf045bf78b1e35dba231f98f5a45,src/main,src/test
e615c877c899ef34d118df7c76e2ca32c9dc10ff,src/main,src/test
a8b19f4bac481609e2f210e73c0c8018463ef119,src/main,src/test
bacf66673718f3af8d9500e6fc22cc2a85201839,src/main,src/test
a85362e950874ce8fdc1c741a0b775495f2af842,src/main,src/test
83881d7331950147503d9ad952a14ed06f3c91ae,src/main,src/test
f98699421fe6e66c911559559979f23a50ad0c9d,src/main,src/test
c170f6b67d6927aa7e1efff3f0618542483f8708,src/main,src/test
78c75127ae121958de3ec2ee4da69a10528fe52c,src/main,src/test
4898d123b1d3c11a025e7cc707b85809e3627ef3,src/main,src/test
7d7e486df3d177e850f15cdbaa71b7046589335b,src/main,src/test
fea31ea9b1511d38b42f70e83ced9cede3c803ff,src/main,src/test
b91f50fb5ce9c15df4f61b6716542b0984daf474,src/main,src/test
1e531f785c26d608c489ca20636489b898faf964,src/main,src/test
a8a4bc18c3600ad3fcc9f6ec0f2ce312c81e07d1,src/main,src/test
6207523b518b2e0a98c558d8df56f38362066010,src/main,src/test
298527f9ed4ed5b8b902238c7edcadbe8cdbabe2,src/main,src/test
214efefd4469bbee6303dfc93871f897683c1c87,src/main,src/test
4fec7b8be71732ef571a39bed987b935bb088a5b,src/main,src/test
65ebf2cbe46f9c9328ac96f16e7ce1297a4f756c,src/main,src/test
390aa7125269cde1062dfea9b515db8f63d10a2c,src/main,src/test
9fcdb588c3958c9468fe83dfe5e07a36aeaa9e7c,src/main,src/test
422d2e44cba5d256ea130b418f91c56c723c5788,src/main,src/test
a9a1ef40e6468a11abce920f720197b183b9834c,src/main,src/test
8b0318c9dded3ef6306d3ee5904721149b7981e1,src/main,src/test
d9ea80d10340a5911d5fbc1c6b75bd57edf5d976,src/main,src/test
21a8423514bcbcebd24e3d1c120da62683ad70f0,src/main,src/test
7fb904ff9e0d5903fa91d967543aed54d97cfe36,src/main,src/test
03aa0776df745abd944666731e8859ec5ed487ba,src/main,src/test
9e7c59dfd25b087cc56e13e406ab1124b0d28829,src/main,src/test
17f61c874fba1688733d1fed69603cbbccb0fb5e,src/main,src/test
fd48c7cea91e4cc99e11c54206e0de227728eebe,src/main,src/test
2d34476e5cfa9d043e8be355ba0007aec842c85a,src/main,src/test
b8a168df404754ba324f743dd710e0f654aae201,src/main,src/test
fa32d5d67aebc35b120356a003202ea32dd34755,src/main,src/test
41433a1386b0203d2c8dd2ccd1ad01503f78a755,src/main,src/test
382d41d7b5ebfa324e5e5fe08ad3709a2c0132a5,src/main,src/test
78856d8417f9c63c2b6a5616f27df06b1e462ed9,src/main,src/test
bc9cfb6f0f630b705c8e9aa3ec79dd9c1c51f93b,src/main,src/test
c6ad7fb90702a9103a3f565be0faac8ad5303b9f,src/main,src/test
11dc48317f0a145a8f84c26f2780f6a8b823a829,src/main,src/test
e2701a5a1872adc57a2735d39ac9a0dca37f75e3,src/main,src/test
53e90baa4554af27f9e00efdee86ef5efdd8f424,src/main,src/test
9e2f9e8f0062bce5a31988c8b01d638061b39dc1,src/main,src/test
ca5047cdc0a682af5db270423cc8705f2820d91d,src/main,src/test
bedf8732cf2d09f4d5fd1360e2f23e7891af48aa,src/main,src/test
28692752c2a23fb3afa855ee22a26877ddc8bc06,src/main,src/test
1f5240e5f0a7c18e93dc68ee53c4a4ff9b6dfd69,src/main,src/test
33b47aa139c7a1a7bca6d56d37acaa3ed963eb35,src/main,src/test
5912d28fa0116ed7a284b6f550630a0ac054e33a,src/main,src/test
d915d755d1befffaac3a54ed667c05d6b6b74554,src/main,src/test
c45a7d3ac48e5e10551b9c98a73b6cd8e1a06958,src/main,src/test
531b5dcb45b80f1d72a305603e32105962b14ce7,src/main,src/test
fdb6743af113595cde1a722305ca571f27d03d41,src/main,src/test
2dfd03934382a9dba4c39dd248b8b6adbeb181e5,src/main,src/test
03fd13821d6f12e60af9de8959584975376c6b36,src/main,src/test
f2e7938365b6256e6f1a323602aa63d5df346ab1,src/main,src/test
98a56ae2c54c1baee770cd0eae53c75c3709f2cb,src/main,src/test
6d151e706834e7b1ba831e9d3607156996f694ca,src/main,src/test
5204f7209c905c3ba2f11c531f30ebebe691975b,src/main,src/test
abbaedb43f52aeb6ca5b494e8ec10d60e430f517,src/main,src/test
a5aba02f5ff8a1b53147488324bdb11c2dad561f,src/main,src/test
53f8961cd945276b532775532c7cbe075c668daa,src/main,src/test
ace1dc41eb128bc0de794b376f446d276f80ef72,src/main,src/test
6a8b650cbf4b813ecc644cd90cdec2e1ec902642,src/main,src/test
fc393f7bdf6c971cb0dcd977d3015ad5ce524149,src/main,src/test
28e7813133a8de8ded191fb6e010123a8e087cd9,src/main,src/test
79a585cc2945f4f26f0a2d02bd66f58c2182d369,src/main,src/test
2cb3bbda5a0c09bdb4da5533df4ef7061c1c8125,src/main,src/test
536ede39c1bd58ae4aa6138103746b94164287ee,src/main,src/test
ec43b73f7acb4e604fca09cc44afe47df95f74cf,src/main,src/test
30773983a39fc48638af556d4edf492642468f28,src/main,src/test
188e25d4796370edbf3d07501f4a9676cfa2a5ca,src/main,src/test
2b8eba2c2851b1c62519daa8dab8d4c35845918d,src/main,src/test
007d6b8423333630213d3ed1d2813ed22b59473d,src/main,src/test
b4c96fa867b4843a0874ea95ce0bb7c879bb5ee5,src/main,src/test
4008ff9e49715f77cd6ac956b358160b7e416e69,src/main,src/test
5536cf67cf7ae3b72d02f6c398f52a47c9578c0b,src/main,src/test
9bdd4a43f82ea8a1c373af65bd4f7b1906ca0103,src/main,src/test
e04ddcf7426d617036064e9b99d824eb4201d470,src/main,src/test
c683f14ef654ac62480d6f5bce9609106e09d5e2,src/main,src/test
3f41cf1609fae7c8848beb0655bcf67132c7a277,src/main,src/test
fcc8b547d6bf219f24e1f2eeccdc28134c86e037,src/main,src/test
f424976a31abcc77c7bd1ce558437e04c7fe68f5,src/main,src/test
1ade8d502aacc1ab023cd01e751ace895cd753a1,src/main,src/test
9a2c8207033ef96ba390009ac971a0c0bbc797f7,src/main,src/test
12359b373d93cbb3cee653447115cd766f0425ba,src/main,src/test
ade211e45062595351caa3ec3d53c594095a3e69,src/main,src/test
b0083b6f74be80bcf7b8bba77ad1dc56688a152f,src/main,src/test
4f7912d16b286daf1e0db27ad23c6b693a2db72f,src/main,src/test
90caed967e6d24a4acd8a9f0739b75f6bb2e7b37,src/main,src/test
7bf19f98e6debf76ace944034f7e5d376d4870fd,src/main,src/test
453c56cff0dbbc0ecefaa7f20b8df6d11d6d12ec,src/main,src/test
65d05e0fd832de4fd148ad4668c3a4d110488cb8,src/main,src/test
bc1c22bcb690e9a906abc6a42fa258b39edd9449,src/main,src/test
c4b947d96eb273089b6753534f673640efa77703,src/main,src/test
0c7461b7752cb6840cc5997d54e2ce6930bc1702,src/main,src/test
29220884e616c750cf8bed06ad939d1c366b8c94,src/main,src/test
fe56886f6d4c6f872caa23faa4b94e34b0b221a1,src/main,src/test
3fa9adaf4008fc100f2609cea3d6ae56702c4dca,src/main,src/test
1fc451c79779bdbf788e8bfbec6dc031a47495d8,src/main,src/test
caa142d0399f10ce3ec6fb843e679e2d8c07c43f,src/main,src/test
61dcb07513fbb32c90e5ae90fa376bdf7705e2db,src/main,src/test
10d8fc1dad1191f593c79cf6dad79af5cabe3ccf,src/main,src/test
403a784b81c5fb845aef1b34aefd56d0d3056964,src/main,src/test
45acec70544cd2d88feb901070f160ca25349196,src/main,src/test
2697108cc9f1c7b089053143097c9f8843185462,src/main,src/test
6072119cc9865476998a2d804fc91b202532772e,src/main,src/test
d1ae609f70e7c16923049db2ae083cb18a831cd9,src/main,src/test
86beeafa9acb781ddd7cfd82c60f9bcb94743264,src/main,src/test
642477acc96b92a5eb594037c1a01cc5df03193e,src/main,src/test
805103c2fd53bf2a82575699da9b4f38a59c17fe,src/main,src/test
229ed00b517f1cc0e1262c6903d9e4e3f22d7896,src/main,src/test
84e1e79f3837fd112ae33ce03102abfe55ceedd4,src/main,src/test
c988178349de55d0d56b7e11724f677635744b1e,src/main,src/test
75cba401aebe256ccea215674cfe403bbe4a1a75,src/main,src/test
facbc3a39c5eb2ce190c1ec597015da47c51b2c8,src/main,src/test
7e8c20bd1b0593c3496a168be573aed40609a433,src/main,src/test
9999937922dc0ebe50f913fbbfb147a19eb8c0f3,src/main,src/test
0a2240910cd17193faa6beec3b97275e65163ba7,src/main,src/test
d48d89ffb8786a4d16044e76ee869f322537a163,src/main,src/test
034c04194dba4a3d8b7282940f3f99ade6bf9a95,src/main,src/test
21015931d11bae2a37e390ff70ae55606a692ac1,src/main,src/test
d572830b67ff6c90825e2c0e7ae3c67fe8ba02f4,src/main,src/test
7ab25308ff3885e0df16b585deebd7922f74bde1,src/main,src/test
e768b77a9aa667a0caa7543d4189a73bf3013a7a,src/main,src/test
2a3b2be64626dbfa0b72277ebe0f08482ed54cb8,src/main,src/test
934cd1c4bac88acf1450805d3d3870a36dbd1592,src/main,src/test
0c1ee1f6ba4c660e8db076cc02b5275f449005cd,src/main,src/test
5c1963e4006487001ac610408155ef64556baf61,src/main,src/test
21e25dbb916c70d699b25c2a2ee29074eb9dfdf7,src/main,src/test
919d3ec4adbaf64cb6b7e9f40f82432b2159d510,src/java,src/test
d67766da7b3ab470013cd32e91d18d9074171e07,src/java,src/test
770daa97631c64a4f00b2dc10f8528280528f742,src/java,src/test
7211918f48e27560e523727beff689ff8545ecd2,src/java,src/test
8efdc08aa5e29a460ae551e7514bff159c4b7ab1,src/java,src/test
6f73fb162af41879fa801d86ae2772a9ac14121c,src/java,src/test
6db3ec307d73d1f80391e593789d2175b668d761,src/java,src/test
dace53f5b2dc2791fc6a0c6981fe2756be405cec,src/java,src/test
300d24e65b215b1e8278286bc8b1d7a0a9a871d6,src/java,src/test
b472b1742ad55d0cdef007f10f6062990300eaf8,src/java,src/test
03af5cc99956ac0b60ba64bfccc0389587b584ff,src/java,src/test
2e94c832384093901692765f901f510115bfed79,src/java,src/test
45c71b732ee51851882898bfa331d0563b7291d6,src/java,src/test
b94d06cadfb8795cf19315158624f792ee666510,src/java,src/test
29524ee6b16bde662d61c69635760f574f12c1b7,src/java,src/test
eafc2b9db93198b247c9481f9934226c11a12fb9,src/java,src/test
26951aa855bdd1927609a2dc72900a0adac08c6f,src/java,src/test
b263fbfc808f7aab183890aea682557720a1ec86,src/java,src/test
5214caa011c0a976475f1f5ed2fbe4aa54c08589,src/java,src/test
8317dc1a2924cfdaac6171418feffa7d15dfa311,src/java,src/test
dbe80e777ef25eca49e1c105409f84d7b30fde0c,src/java,src/test
dfff43abfeb97d5b34f6c7a3e779f1ba804b6631,src/java,src/test
45041961f9015e8c89873deef96c5bdfeea19e6b,src/java,src/test
8913cb4ed2606ff4be6e6e3d046ef3d4cfe69c17,src/java,src/test
161677911f5ab798708503eb13859e8403281c7f,src/java,src/test
e61df2e5aa43764f58d3ced90e2de361d25b55af,src/java,src/test
0bc53db8bdba6c605fec29fd2c55ad847e14b2a2,src/java,src/test
c35dcd2b488f4d2368d8db6d0f92c27b03794cc8,src/java,src/test
5ecb2b8549ea8677d450d16d387ec9f4cbcbbc1a,src/java,src/test
cc17109d2cce8ca52f484dde84c38f8ae51a2f63,src/java,src/test
feb22812e14df3863e7b8d3156def7e0379abc01,src/java,src/test
40dee74b30d97410fa0e31b08d484be489afa510,src/java,src/test
ae537ccef18ed5d78c89a750f99258e87d409948,src/java,src/test
e3dc1e1174dab6831e4d102d987ad890260a520a,src/java,src/test
b7d0dab28185046ffc64b8f36d231a2274b839c6,src/java,src/test
ddc7143ed89a6c92bbafb89bbe8e1fc4937a878c,src/java,src/test
a72621c3791a66090274bf5ae42e92114babb872,src/java,src/test
6d3f3a2585d08117a73617aebeceb0ccd7e4c897,src/java,src/test
bd0a96e8f61c3a5209e60efe2d60962b98735300,src/java,src/test
16e78c484c6357d288b8f23bad9b038e549cef68,src/java,src/test
5710914d10aa125e6b2d611cc113b04b7fc4ffbd,src/java,src/test
c6c8ae7a68c4c45f25d1fb11ad62171fffedeb6a,src/java,src/test
ce66f92033c01bcbb8ea2b22f59e1e9a5961e8c7,src/java,src/test
479b5d3fbb28f30801807bf3afc29b195e0366dc,src/java,src/test
1573a121c4fa7b39f4f49691cc5fde3cccf4c7a1,src/java,src/test
ce40a691aaebafff68e360666623f4c59a00980c,src/java,src/test
5d72a46abc9bfc8f8ed146b5f598106802761e21,src/java,src/test
0626e9bc6b700b22a8e30066b9998b2d457be213,src/java,src/test
608a7d6373e320789aaf7f1b9f91a5cf8af81998,src/java,src/test
2d76aa8e140c5c5eba12a7513aad7340ec84bf13,src/java,src/test
5a1ea2c961fb856ad70707cf0cadca9a023d6a83,src/java,src/test
10920798d1133fd5a4f89061b679c2eaa6de09cb,src/java,src/test
94a565c045b28e66d8477656f82b55221eb96590,src/java,src/test
4c24017327dedd6744b308a6ccf6c5903e7dda99,src/java,src/test
8c8783500792d097e792eb4f4028a6e2830db48d,src/java,src/test
a0425fd1a551c5d591ef8a6135090fff25cef5fd,src/java,src/test
36e7620574736400941c5154bf663b198abafa7c,src/java,src/test
8ffb4fb5e09446845f520fa8e759e9b8566d633e,src/java,src/test
af1ad3d72b2b07728b8060153525e8461b17ce6f,src/java,src/test
c06e641cb04a4fd62234b9381a4c5e2ecd10630e,src/java,src/test
7530ab001fc2f89d3769bc8d8a0d73248e839577,src/java,src/test
7656a09e8587355ee142e730f5df99ce72b382e5,src/java,src/test
2f30607e7cba172292d5811d638aa127139296dd,src/java,src/test
619fbc2d06101090a7b2ddce227cc379a50003fe,src/java,src/test
41c68e9ef470696009d72133c7f05a20e2728e34,src/java,src/test
48b8666dde21d4087407d5b0eac686c799ca0e09,src/java,src/test
2a8fd84f1f380fc472ecf415b771cb5fd789719b,src/java,src/test
f90324f509ca16e50aabd416be4623c835ba9c1c,src/java,src/test
6b4c201217c389406dfb7f0458ae7dc257f78c99,src/java,src/test
945ae4b18df50223eba626ca7e52b0a85af9bf8c,src/java,src/test
fbdf624565c02a0a3266c6b29cdba53c2408c890,src/java,src/test
ffad0e429003925e6e4427eb996e83a657c1d1d5,src/java,src/test
a543d02c1654f607c2b22ec4d965f015ec784df1,src/java,src/test
395b4d902fe83f39581198ebf276079b07bdd442,src/java,src/test
2af0444758f487699201a2b0e451e83837a5daac,src/java,src/test
a544e36f3f938f3be26fe573655c4e9aed89cb98,src/java,src/test
b0117669677f27a448c8fcafcd1430e2e0a5c3db,src/java,src/test
1221af62021d2be25cd161dd8678368b6d785a72,src/java,src/test
c86b5e26e0b9195f4928741b5b7dcd3d857f4de5,src/java,src/test
4cc8b66909d3f530f8509785dfb958d71526f3f0,src/java,src/test
9dd1961d326bd9f9223093283eb1fa51b1bcdbe2,src/java,src/test
c5291ab1ca4d4d7a041874a66b1c05b7d5c02ccb,src/java,src/test
6097e2e2f058059da40dad38f9d58d33d80b0771,src/java,src/test
b396c535ff143cf94ea0d11f50739da1709ec290,src/java,src/test
3e725d7dd0f9a1369d4c947bebc85daae1aa7e09,src/java,src/test
ad12e19e614e92f824746c199ebfc31228a8c33c,src/java,src/test
eabb90925568f9e4b04754918840db8156e5444a,src/java,src/test
9250cf31de34c32ddbab386fb0f8bc41613decba,src/java,src/test
5223a63fa67fddcd092b2ae214b1eff0173a52c2,src/java,src/test
d8acbb037753e5ee864b11138238b9811c61719e,src/java,src/test
8269f17bdb90ebfbfc498503a601e085c7b458aa,src/java,src/test
6b08732ee9aae06316dbdead2aad13f08190853e,src/java,src/test
85b09d76f239b20cf3e37e5507d371c355a9b318,src/java,src/test
2c13032a16e37b7bc9e0272d25fc185b5c82b42e,src/java,src/test
931e25921dc0ec705a0055655aa2b2237a0888d7,src/java,src/test
f7966c1b374ebdd3fccb28370d9cb80a2115d807,src/java,src/test
954d995c5603b616c3c4a9ffb1823f36dd7ebcb0,src/java,src/test
d74fc31604c805a47c44d7853f63a3b06ad6c016,src/java,src/test
b57a1aec395cff5156812295c9dbaf9b7edbddcf,src/java,src/test
5a0d6b1d2b38a8026b1e160b0de9d9d56b07665c,src/java,src/test
2e29f4c2872e9a6440df437637286fefda662025,src/java,src/test
91899584adca74f70e474bd1c45bc5d53f0b1d99,src/java,src/test
8e7cbe5d16aefe7e25e299595ce5a0e16e64992e,src/java,src/test
c7d837dc6d545e1f0ba3db5e0ef7e91e07bb7ad4,src/java,src/test
240542361bcfcd2522e60155686709830e98bfd6,src/java,src/test
8f1c55a59e4d75b5bf828ce31a8db14aa7608cc5,src/java,src/test
db1a9ee77bcd07e49e79a9613778ef253e6791ef,src/java,src/test
4c6eea410d34d7ff4aa5c30fb7a2fa7c349dae18,src/java,src/test
800f0531068ebaf2f2d257bb1bd805781ddd4760,src/java,src/test
ed374757af14531ed144fa9bd66364e6933b24aa,src/java,src/test
bbe1346da2c2cf95a1aea114f6116b37f2ad3d95,src/java,src/test
c10f11cf583e8e59bdc146d3a9d25bd53fc97ecc,src/java,src/test
9535a94f6934edc9f3cc16d74621ca61429ebf8f,src/java,src/test
bcfef8906931a7929a6db14b9d82d387fd3f17f6,src/java,src/test
38ba13232cb37374e3c333e2121ebad8a793935c,src/java,src/test
bdb86efa0ad793b99f680d397a0b168487b5335a,src/java,src/test
9f33e444f82663ad5cb855538438ceadc240d767,src/java,src/test
f06bed0901b6faa2ed3a99a5c4a6d44e19b96541,src/java,src/test
a9952da76781c43314cc96f11334c7a036706aef,src/java,src/test
b3607d8b91c7f164cb3b2aa67035bd5c468fcc56,src/java,src/test
d89939d5d56b0b2dfabdcf7af2bc83ad32884cce,src/java,src/test
bade1b72d526fb6493f1b11d8f2e63e51793af91,src/java,src/test
cc6df030dd2bd4d8693f0b557f097ab3b321b18e,src/java,src/test
25ad9f824aef478b61a774ed9402068ad215b23b,src/java,src/test
a5dfe5cbc95d7f3ce0b4829756690c2cb8439f4c,src/java,src/test
fb0f38f58d73b868e3bcdedd09d96b1af8c3cbd0,src/java,src/test
d7b01850ef418b1d261cdb2029f8f85ab4031553,src/java,src/test
8d907db8d5f9c4daf82644d11179ccf499dc3bbf,src/java,src/test
3b8cd11d086e4e09e801deb114d34abb80175ac0,src/java,src/test
ffd08a49645240d4f184f338ecb1175a7b7f0b0c,src/java,src/test
59ebd4d8e3c7bea933ba1ee3a7949468d8619a0f,src/java,src/test
9f243610fca08de0998ae66c55bb79eed3c45720,src/java,src/test
e17d5c54eebc1dace8466d08907995041c30e04e,src/java,src/test
84235691b5d1ae6d4705dba63c19dc1f6450021b,src/java,src/test
20a88d9b49beda71ddee69af92872716fd00f13a,src/java,src/test
165d33f8c676d4b5063d1899beab3a352afb7d82,src/java,src/test
bc2e477f7530ba40cca08687067082ec6805bcb5,src/java,src/test
3463e5a567cb4a5168ee7a6f872fb0ba1544adfb,src/java,src/test
93333139710428b579e9b9bfb22a431028df4feb,src/java,src/test
a870413801679ec8d0eefd97878a87bb2697ae5e,src/java,src/test
6a43ce7aa8fb6be26fd0559b189dce704a0a32f5,src/java,src/test
2a29c1fe3ed16cdda533ca23dbe4f350ab6801c0,src/java,src/test
b89372bb13e15899d20a41f538d7df377d40f527,src/java,src/test
2f76d9d334ac7470d908ab59feab58249f6ea8ac,src/java,src/test
1cc505db83878d34007c1178c07fbfc9847957cf,src/java,src/test
a2ce0a8989fdc03acda219588c4f044c03afb25d,src/java,src/test
8c6b42a65d989469b6e49aeabb1877bae1dc0fd1,src/java,src/test
356aee756a4b13c717392032cc70ebfeba2ee0e6,src/java,src/test
ae518f45a2aa79bd1f03e634129d5d0eeb927909,src/java,src/test
b8c2d9d9dc9aab45f83cf49ac93cfa8546e4c08e,src/java,src/test
4449af5be0d81e35daef251055eca4cbfffd1d5c,src/java,src/test
2f7454a01e4c2992bffc3d86137e632e80c5027f,src/java,src/test
875e5cfbc1a13550387262293ccdf450bded8b56,src/java,src/test
cb63f4a959e30de6882b20af10d189c7307a6da2,src/java,src/test
cdcca2e6c4ee0d8d7aa92163cac6aa4b551ef184,src/java,src/test
981c0002d5accb9ebc056b7a34025fd814c4e17f,src/java,src/test
94a4db4fef14db8f1b92dc5191cbdd8c2c1b2101,src/java,src/test
d09530a36ddb367da4d47c487496b68d999f7837,src/java,src/test
b7832d438495a0cd2c14ccf663f6f1d465fc1551,src/java,src/test
5b74e6da63b1f0ad9972c2ca3f85abcb1080fb53,src/java,src/test
fa0f64dfc26fc48d99a67cb74f641198178dfbc3,src/java,src/test
ce8a31b1ce8a1a555642b4e05387a5b6b414a688,src/java,src/test
8e90d4892135355d6dc65443a2039429d8e34e9a,src/java,src/test
0148ae493e7a0462e13ea595f2be1dfcc819adba,src/java,src/test
dce4ad64d1a0b9b62eea667ba4c7c58cea435d2d,src/java,src/test
52d82d1dfff8c2b2ded9d843e0b03017af6d747c,src/java,src/test
9c0cabead7cf075308b11362172ae1a48d41321c,src/java,src/test
292322e9b3e14e4b560ff1ba0b8648a533d064b8,src/java,src/test
628ece3a5b40c65bc114cb2ffb219599b19db380,src/java,src/test
c8762106671ba6bb585502a2b21128f04303cb16,src/java,src/test
f6336648d893f0ad455d53ab85f82128937fa41c,src/java,src/test
66555de56715ccb185dee4dd2b25b1e93cc5c73e,src/java,src/test
0752e9ac06e72b67554450877251e2eca87c504f,src/java,src/test
4ac544469163d6327156b2b844b1e62358910faa,src/java,src/test
3b398a0715d4848a6b71506615b9d230fbf3e60e,src/java,src/test
f5185b0229f93097be2433386c2d4022e70545d1,src/java,src/test
e65d67e1c41746e811503255fadacef6de645eec,src/java,src/test
a50a203248662d2b4fe6f5b6952d3066ab3ab8ba,src/java,src/test
fb5e3f403b8483627d9661fcf2985e78c8640c83,src/java,src/test
81d3e3d2faf883e03354c82d3fe9521d2c172026,src/java,src/test
c50e0968c219085d042c8d64d30c716830a3622c,src/java,src/test
