32c885b3cc561f64dae7efed3d5fee516ad359fa,guava/src/com,guava-tests/test/com
7bde6040bf36313a5e2567fa0eaf7cefb46d4bdc,guava/src/com,guava-tests/test/com
65ffec58dcbb7547109896d5d96ae0581dca4cc8,guava/src/com,guava-tests/test/com
896c51abd32e136621c13d56b6130d0a72f4957a,guava/src/com,guava-tests/test/com
154e9fb53bdecc068b394e3450e00197855e52d1,guava/src/com,guava-tests/test/com
cc596a037d46c65496c04d34e8717f63693c9cf8,guava/src/com,guava-tests/test/com
4d025889e59ef9fb8e3886ce51cd021022429142,guava/src/com,guava-tests/test/com
14c08642e4048ffc5151d31728404edc6bf2562e,guava/src/com,guava-tests/test/com
5a4d9bc5cd7bac6be3512d57b53960a34904cff1,guava/src/com,guava-tests/test/com
16e3f26fd31ced35fa8a71ab2b1091ce9157a90f,guava/src/com,guava-tests/test/com
2ef955163b3d43e7849c1929ef4e5d714b93da96,guava/src/com,guava-tests/test/com
a70ab0168d75db566d7e974220a0d0b17e514cf8,guava/src/com,guava-tests/test/com
c34433a6d6062ffb23eb3878355024ae08517495,guava/src/com,guava-tests/test/com
5367a2d0687ec4c1901f693559cd4d2d14ca65d1,guava/src/com,guava-tests/test/com
55524c66de8db4c2e44727b69421c7d0e4f30be0,guava/src/com,guava-tests/test/com
cfd409b2d0b6ed0ee35589d8471a44689eddccc4,guava/src/com,guava-tests/test/com
fd3c30f0efd09435c010f5fab52495554242ab52,guava/src/com,guava-tests/test/com
484e083653bef124948c449edc56195323b8d00a,guava/src/com,guava-tests/test/com
af1dabf1b37fd74bfe074ad6d7a7fe8da5a61d12,guava/src/com,guava-tests/test/com
390c506448d47842888943f2fb9371f51e3cbb75,guava/src/com,guava-tests/test/com
cfc06d3d2f2eec021b6d58d0c50e6884a4b63869,guava/src/com,guava-tests/test/com
47685055994a5f873c3f2d2f41190a519a883bf8,guava/src/com,guava-tests/test/com
1b1163b7e2c121d4a5b25b8966714201551976c4,guava/src/com,guava-tests/test/com
ddda106332902b7b0888eb3b04b8c538e6f3e8d6,guava/src/com,guava-tests/test/com
1de67afcb295c771fb00a98281c6becf74926e76,guava/src/com,guava-tests/test/com
717146e3910cf4e5243defa3760c456c4dc16ecb,guava/src/com,guava-tests/test/com
80dad6bf149f9b8d66e4db4436034cf6b7018398,guava/src/com,guava-tests/test/com
5b608043b9d56a4427a2d8c1583f6f3c5a4e1023,guava/src/com,guava-tests/test/com
c995616f2409e2b20e890e415d6dd3d38d5bc1fe,guava/src/com,guava-tests/test/com
6bd4a49baaefd36e1f7c8c4d28a82d688b15a0fc,guava/src/com,guava-tests/test/com
c925b98f0dadbf1fe836fe70251ba294ef8f6c81,guava/src/com,guava-tests/test/com
00ad4b03340a6b58134e5f6f5c46c0eb775a3895,guava/src/com,guava-tests/test/com
8613c4dbde2aaeb871dce3ea0e52811039ee203d,guava/src/com,guava-tests/test/com
0c063801f91f10891339ec9ce5127e26f9f00931,guava/src/com,guava-tests/test/com
31c5a404b250f692d864fb36fb419988c4bc7ee4,guava/src/com,guava-tests/test/com
c6e21a35f3113a7a952a9615a0e92dcf1dd4bfb3,guava/src/com,guava-tests/test/com
88e42e657a32f9aaf0fa705d40a164431133d342,guava/src/com,guava-tests/test/com
52b5ee640da780e0fd2502ec995436fcdc93e03e,guava/src/com,guava-tests/test/com
9b826b4b45ecca5a77e94fc82581ca0600a29aa8,guava/src/com,guava-tests/test/com
6fef0b0dba5dfa40fe30cdd6fbcc9d3908801e23,guava/src/com,guava-tests/test/com
3ddefd829e9fc0ed033613cd7d74427e6397c745,guava/src/com,guava-tests/test/com
3f825ffd9d4485afeb70bb73fa10daf2facf0893,guava/src/com,guava-tests/test/com
82810968135e9ac4c9120f44b0936d478492066e,guava/src/com,guava-tests/test/com
69a42c5e6fcdba03e1445a8eb9acad7177c6a714,guava/src/com,guava-tests/test/com
0a686a644ca5cefb9e7bf4a38b34bf4ede9e75aa,guava/src/com,guava-tests/test/com
ff7e92eb82e83b3da3b01ece5a0150c7d2f11c3d,guava/src/com,guava-tests/test/com
d76cd8770c519d3341c91fb01aeb2b0e4026ab24,guava/src/com,guava-tests/test/com
c071822d399b5c0e066790067d575c6a56740762,guava/src/com,guava-tests/test/com
44a2592b04490ad26d2bc874f9dbd4c1146cc5de,guava/src/com,guava-tests/test/com
bde81523d94478e145583eb5b1687c8aad280a1b,guava/src/com,guava-tests/test/com
1a1b97ee1f065d0bc52c91eeeb6407bfaa6cbea1,guava/src/com,guava-tests/test/com
e3142eea5770e267524c280c8fbb23be130fac5a,guava/src/com,guava-tests/test/com
bb5673f60ce9dcda1c228b0d0e2ce2485468f965,guava/src/com,guava-tests/test/com
80b78c8ba68e32963e1684787a10b7f78c91e81a,guava/src/com,guava-tests/test/com
0cdfef602bc04513efe9a7a4c2821d71f9dcf00d,guava/src/com,guava-tests/test/com
91b5db6570568265aec0a4636023c0e0925661ba,guava/src/com,guava-tests/test/com
83923892da4dc396e497c956f00cb4c577d941ec,guava/src/com,guava-tests/test/com
c94fe82560e55debf0778af2db287e091d01b419,guava/src/com,guava-tests/test/com
1f2b8775c6b29a89261cef3ddf33523b043c9056,guava/src/com,guava-tests/test/com
cadd7237e484818b55be97883cc5d83f0f0bd6a7,guava/src/com,guava-tests/test/com
0f4bd484fc6e1b779da9a4178c336f278e81d746,guava/src/com,guava-tests/test/com
f49015a77c5eb39587687a6c529280fecd33ceef,guava/src/com,guava-tests/test/com
648c0fe661f328a2cb1785c85e70d9e4fbdf01ba,guava/src/com,guava-tests/test/com
a6ce7b511bff96f39c56e598143557dcff08db86,guava/src/com,guava-tests/test/com
6315a434ab54c804c0a9d89434f14803ace52b64,guava/src/com,guava-tests/test/com
156e3b8926e89f21086bb38961dff121d55f1470,guava/src/com,guava-tests/test/com
5394f635d552aae319c5a58d6a9a332ccbcd0dd8,guava/src/com,guava-tests/test/com
1839378a0dc48379f018597adb0cbcadc3225d34,guava/src/com,guava-tests/test/com
f3099c7e01df0f240615eea996ec0c973a47aa11,guava/src/com,guava-tests/test/com
a94c53e0ebafa03384d174aad024fa74430640f5,guava/src/com,guava-tests/test/com
651774d3734a0f72dd7bccab9e57bd9579cfff0e,guava/src/com,guava-tests/test/com
5f9fd1479fcae935fb89f8c1127074c41e2751cf,guava/src/com,guava-tests/test/com
269d98573f4e6eed051a8ae2cdb392a7b606e939,guava/src/com,guava-tests/test/com
ca9e7f9c32762531c134afef7f6f40e53b96a8b7,guava/src/com,guava-tests/test/com
533a9460e0b2fec39fe74e7a3cd9a0ea353b1453,guava/src/com,guava-tests/test/com
945a200eabe24528307f08a51689f54c12a25053,guava/src/com,guava-tests/test/com
15fc460351c5943ec19d383a01700119f19fbedc,guava/src/com,guava-tests/test/com
32d7dc732dfee93c82942e2d776adbbc02bd85ba,guava/src/com,guava-tests/test/com
75bcf0a64563396d55e997b017c5640e8a1ff6e5,guava/src/com,guava-tests/test/com
adcd9984bb9a93db4ab94ceba0583520745e2b01,guava/src/com,guava-tests/test/com
7811f97b5dd9b75762f6868a8b0098d826139332,guava/src/com,guava-tests/test/com
04846be2de2d3841f2ea4f756588af8b1470635f,guava/src/com,guava-tests/test/com
cbb55be43e7d21aa42f3c46d442a088386e66cf5,guava/src/com,guava-tests/test/com
eb68100cc9a30cb7cca03dbe0eebad8d5e76b5b1,guava/src/com,guava-tests/test/com
6bd126800bda431b5c92031860a0218005281868,guava/src/com,guava-tests/test/com
9de0ce12f1648ee4f190e2ce706f26088727ff89,guava/src/com,guava-tests/test/com
76f33bbfb9c0f5954461ce705a5c4b7f71e26ef9,guava/src/com,guava-tests/test/com
c84d0031c8af6e00a9bb25a86bade4cf1d5af9ed,guava/src/com,guava-tests/test/com
0aa888b199bc12eae29633c71a424bd28750961b,guava/src/com,guava-tests/test/com
8a7df009f544f19f7538cfdd03e9dabed2660e51,guava/src/com,guava-tests/test/com
69f6172fe06f1d48036bfbe20c99a7616b299353,guava/src/com,guava-tests/test/com
dc931f9621ab1865e67fbf026590b6371e4a19f3,guava/src/com,guava-tests/test/com
80d067b049456d9c13951bd7726e69a65e635d65,guava/src/com,guava-tests/test/com
0013fd3b1536ee4fc6ae5b4028f9e750a66b8729,guava/src/com,guava-tests/test/com
ce8e7a22b5486e77888a4b4bb54af693fb59184e,guava/src/com,guava-tests/test/com
82c959fe44eb4af14e44229c2c4ad6fface6defb,guava/src/com,guava-tests/test/com
0a848bd9a88aaba5f5a69d7dde0989e501d5fb3a,guava/src/com,guava-tests/test/com
eeba07cda24c0e85198dd52a071991377f695b61,guava/src/com,guava-tests/test/com
4b29948bbb7a21754223dba744ceec22a162abe4,guava/src/com,guava-tests/test/com
d6da7d86a2cab91bb3d33d983ccf5b07de14cc20,guava/src/com,guava-tests/test/com
525b9e540acdef1dbccc7f51aa16a6592e57d5e0,guava/src/com,guava-tests/test/com
c19946804421d2319eab08987f914dd6536c3beb,guava/src/com,guava-tests/test/com
bd4ca938834ce904684319f13732d898ad41c96b,guava/src/com,guava-tests/test/com
cc36cdedb53cc4d2fb3efb897c2d3c4a30535b0e,guava/src/com,guava-tests/test/com
eebb4d038a9fa2b9780e5c5d0fc046aeadb08c9b,guava/src/com,guava-tests/test/com
314727b81a4f45210ab53ebd46b695150ea36f8c,guava/src/com,guava-tests/test/com
59e0fa707b40686406ea2c9812785391beb13367,guava/src/com,guava-tests/test/com
8d5659ad0e137d3a594014793264292a75b48bb9,guava/src/com,guava-tests/test/com
ba8284bdfab78f544222410ffd6c0598dd125496,guava/src/com,guava-tests/test/com
726047f845374b9d1514f6a88a9eb70f5ced721e,guava/src/com,guava-tests/test/com
7d5825f96a618f0b7edf3054019e22dfd1910902,guava/src/com,guava-tests/test/com
3ef229071cacbf3559efc65a977955ec0c8612af,guava/src/com,guava-tests/test/com
c50f528b2b4648dc472545c6671f44c1b9145bf3,guava/src/com,guava-tests/test/com
98db310a151c40ca2b044d062a6d1ef230a8d6eb,guava/src/com,guava-tests/test/com
ee40820afb25d447acfce175d41246495d1e6db2,guava/src/com,guava-tests/test/com
63c7f635199b45982c9bbd7d06a286a0bc3d1fba,guava/src/com,guava-tests/test/com
1f00a91744712ce98b2512a73e617f1b517a6037,guava/src/com,guava-tests/test/com
58b25281762b670b1559b0b7a3e5aa7f01b68f6b,guava/src/com,guava-tests/test/com
e3b22f92567bc66425772f5deb2e1f9d2d7b13d8,guava/src/com/,guava/test/
f52ed9ee8e39c679e07ee118dfb7f7dfc3179659,guava/src/com/,guava/test/
4583e8bd8b7eac0e3fbef41d341d57ef5a925c5d,src/,test/
9fc278e12300128c14757877fe81a7d0d47808d1,src/,test/
4211cf3a0e11ba822a37ebd45a149cd959015f8c,src/,test/
c74890efa59b8254d879c37803ddc888b75c3ad5,src/,test/
