6cd5be98485a5fe8920846bb0b47a0fec87113be,src/main,src/test
ddfddfba6414adbecaff99684ef66eebd3a92e92,src/main,src/test
ce7d1c9abc7a8eb3bd882e700691ccb80491febc,src/main,src/test
f2c445d6d2de988531dcda25da81fda129bc53f2,src/main,src/test
8761bcb0b4db47ba44bba47ef9dc6cc747388359,src/main,src/test
9d2cb5163fb3b43361be32134caeeae047215086,src/main,src/test
9c4a7e51d97d34fd96492003bf88588f11cc3aed,src/main,src/test
574d2bcaf6a8a3749217dcba27698ebcdc648572,src/main,src/test
b688919010a9147376dc435f742812afd5b46885,src/main,src/test
c64b5a8b36fef8385e47e865514b51534d3d5795,src/main,src/test
445bd4482ff7e7fb2b222f410a5c9208f2a31c57,src/main,src/test
36391cdc75d7abff151bd187a6f790145bf293a4,src/main,src/test
03858249fa57accc428037d7d64e8000fe57f68c,src/main,src/test
147fb0814f0d999f8ee58abe6c7ff7db3ed4ee92,src/main,src/test
e8f043d1aac9b82eee907e0f0c3abbdea723a935,src/main,src/test
4009fe3a05caaf45ec230fbedc29dbe5d9b7f412,src/main,src/test
e20bcc877a8149a9c4ecd562209b3b3954b6dda2,src/main,src/test
a2a45b371e19bfc97fa490fa378ee3124498de6a,src/main,src/test
472e03b552c84ca0bb5caf310f8480376c76f6af,src/main,src/test
88d12b4baf7b29cdc16171dc293edb38f0046391,src/main,src/test
dc2c00358822901b943019a9dbc0c912285998af,src/main,src/test
075319dbf91d6c091c78a3b7c686b579569678e1,src/main,src/test
29307cf14ee8c27cefaa75e1584b73b2ae7b56cd,src/main,src/test
7a4fce5e0b81b69c17f190906e8058ef1d3886fd,src/main,src/test
fe80e86551be38fccb1a983854925a78db6e845f,src/main,src/test
5a0ce57b5d3a6d30420267b56b3d2282c76df581,src/main,src/test
1965d865c15f6b853b800e2ed4f6c70efb27c809,src/main,src/test
a2c667b9b8482581e64bb8752963984efb1214b5,src/main,src/test
9700ea5199dd6ae769baff698b7936991a1d4d0e,src/main,src/test
e353aa01f0442b151d049da4cc1b890c896f272e,src/main,src/test
247122fd51244aaaf2fdaae162971a4ce52ba702,src/main,src/test
39785388b05ed0ac447860d96015fce359f1ada6,src/main,src/test
93f7e14d096181a251aae3355464d24bcd7677a5,src/main,src/test
3d743477e1531cd3c4c041941f047eee5b040924,src/main,src/test
4b00ccc8ae9763c76e363621dc9ee4b8692d30dc,src/main,src/test
e2476e07b2542d9791995d6a01b2da64e3c9128b,src/main,src/test
9b9e47b889751ed72154bbff11e8181089e88e78,src/main,src/test
1a0326fbc31d3d9f1e5145dc71b937820142d111,src/main,src/test
86c43debb15220b3d62bd973fda29fd861b69851,src/main,src/test
edaa4ad8204dfda985d3c74ffe542c9eb67a201d,src/main,src/test
9a083ad56b20711eab368a7818fb079a870feb93,src/main,src/test
dec4a483d9d70a8e7d14e28474058ef50df1204d,src/main,src/test
4a2b1ae08ded66b77e05bf8fa0ac8a2e8c60709d,src/main,src/test
c106f0cbd4ca3c38969348e5e14469b6f91e1f48,src/main,src/test
581de93a16c09d5155232900bd95e589956bc1ec,src/main,src/test
3ee81a6c293257dbb94fa6687912c184951ecc55,src/main,src/test
efb024ed3ab0c0a69b379948452e7ca19bf751e2,src/main,src/test
5305bb4702d25b3f6352fe2d41e2b9f9d3d65b1b,src/main,src/test
715f2625e52487cd80870b7ed43d08524c489836,src/main,src/test
974ccddfd718a06f889da2dcd58ebb6bc22c8dca,src/main,src/test
029413a6e381bb04b7b0a420730d3119e9cc0961,src/main,src/test
8c20a7670f71958c9af6c8daffab227d2d7ba87a,src/main,src/test
d89cfa159b0c181ea6ad038839abe70d01c3626a,src/main,src/test
534abb14054fc429239e4427a5af5c1f50b6a87b,src/main,src/test
8e98ed66bc262681a38052682ec5b6a42120f7f7,src/main,src/test
ec859af181fa5b2da62077d00154e3c13c9d8f28,src/main,src/test
b64c7736015d28c20857cdb91584308c78edd8e8,src/main,src/test
60d459cedcf079c6106ae7da2ac562bc32dcabe1,src/main,src/test
28ec8a47d381311818f805ae76bf84da30f516f9,src/main,src/test
6ce32ffd18facac6abdbbf559c817b47fcb622c1,src/main,src/test
08cd242cbe7b439f3c1f40c74890ac36c6096881,src/main,src/test
cf95af0e690b30dfc87b3f65f5d22a7356a3fb99,src/main,src/test
934f485d4c62854dd2ef48ed7ebb238f3abec0b7,src/main,src/test
e08dafef4faa7d71330160dafcbe77536d90e809,src/main,src/test
c0c88170b2cd9498002aa90b54936c9dd707a38c,src/main,src/test
8de9cef9a0bcc665819a57f11ad30f7b6142936c,src/main,src/test
b96a3b55d4c28171cb92bd2cafff853ea973d36f,src/main,src/test
16ffb1387d997a9bacaba03de157f8a1760784d4,src/main,src/test
1b7f096bead41156a70767d7c13281caaf3d0ca8,src/main,src/test
60ae6000d361f910ab0d7d269a5bac1fc66f4cd9,src/main,src/test
5c3c711dd404b9481e2225f7b7a0642fe0fde6bf,src/main,src/test
bd645b11c90efd187cf9119ad00492e5c6843c92,src/main,src/test
8f8904a0b10005a214f15e3831504dd594f65a62,src/main,src/test
71864de52dee1fd5eb58ace1bcda62712f621b90,src/main,src/test
a2bc7f677e004eeccc687a5112383f279a46db03,src/main,src/test
2efcf0816a1423560c71095b845dde39e98d4134,src/main,src/test
02279b5cd3ecaeb897b85886dffacbffa553ec75,src/main,src/test
fadb5f0ef9047e993464f990ae24809d4dddceef,src/main,src/test
497e455bed6692cb36caf54f279e40e615e8695e,src/main,src/test
4debd67e053a254b5f42294426340fc91a312f64,src/main,src/test
b1226368f8149b0a1ac806b6c41fa3c87212d145,src/main,src/test
9446514c1655c570aef3a9ec2ca36dde738660e0,src/main,src/test
ef17f26b4ad3a28979cd06b1ddaeda99080135b3,src/main,src/test
ce114737139538f72d2a7a994db41befc32362fe,src/main,src/test
cd6ebaf7349107b9497d022226965e8c94adfa4c,src/main,src/test
32886a8d37eb652878ee094948adfae51ddbeebb,src/main,src/test
403e93891321d87977145d9638fedb1122875678,src/main,src/test
ce37efcefbfab0fa91562a492f0f80af018a5313,src/main,src/test
10d5ab37f06f7925bf959312bfb6211f5bc4a1cb,src/main,src/test
1971732db3da4f35c117c29a77facbdcaf8dff58,src/main,src/test
2bb770bcd4cbc0c0c3ede86cedd4a602e328e2f6,src/main,src/test
4d34006e4d8a566c6c64a3a0e04c17e50d63bb82,src/main,src/test
d3874ebf3c0585270f1fe33eb7030667bacb63b7,src/main,src/test
63afa5297a0b8bcbf31b9c91e5d15537e0fdbdd5,src/main,src/test
d44600d3750e5dba9fac68aee7248ed2a80a2225,src/main,src/test
23a733207bc88a06ee486a5896b7b0c4ebbbfef4,src/main,src/test
0f9a4a5f2a290ebf5556cc8d4e157dc37f198051,src/main,src/test
9972618859e6e8ea532e3ff8dfc9cdc765ec435a,src/main,src/test
34954bb878696848a02b24426efe2a2ea8e070bf,src/main,src/test
1850fab337f7ce25ad1a2742d6c80d2cb96758e4,src/main,src/test
7fe2d4f1aaab61e41f31f792f8a988157a34b34c,src/main,src/test
d7155de6c37db3301b92b755bd0a02388f7dd07f,src/main,src/test
002a9a3e9b98ebebf53e43aed0536d3c50851c84,src/main,src/test
ef9d6cf48fc1fb91ee6fc3f926ad9cf40a3e9f08,src/main,src/test
48902b1903c10e1b1268c8822eed26f461efda76,src/main,src/test
d338aa5049600d29c0784f5b9cda06ad1cc7626b,src/main,src/test
522f2ba3cbfbe0cfd30a5ea6382b9ab9656d4059,src/main,src/test
c799b427b695988c535f1816ff07ee904c55dd9f,src/main,src/test
9434f515e559ccb744064cfc82da3c41c64248ef,src/main,src/test
5b75309170ccf917fa581a953e1f2c7d2252ed1f,src/main,src/test
e7eaf7603bf929980479af510869e4ffd499da0b,src/main,src/test
a3601f592085f4da9ea6e5f30dd7f270ff53fe6d,src/main,src/test
1571c6e3f1e025beac6f047c45ea45ff03bc1bdd,src/main,src/test
267abe1d28e98c11ba0f9f12fe5c08419c50cc18,src/main,src/test
50a3d3efebac800d709daacd0519f67e78809f4f,src/main,src/test
2f76bc8dfe83643480b78490a62ed679857b0951,src/main,src/test
d0daf236d2e36de0cdf2f7baa8b90a398f60a864,src/main,src/test
81c694b11cb9987047b961a8b5cba8f878be89e0,src/main,src/test
e1375b05787743447adc15bc372884a8236172f7,src/main,src/test
1aeb52554a104f0a2433788be406d53b39654952,src/main,src/test
d0cfb645350fab16bf61fac140b69ef55f8cba2e,src/main,src/test
cd5430a91723ff8cd61928524ec21ab4e14b20f6,src/main,src/test
d906a34178f27803a08e824e3c2474fc0863edc4,src/main,src/test
fd50dac44c4ac0f889ff2111a343f6bc00035413,src/main,src/test
bd36ce49411847a6e41af1f5228f77340c3f003d,src/main,src/test
31ceee75592e1767bd1072eb670b43dcced5de26,src/main,src/test
409cb7c9f271572c0d3e37bbc1ade18a242f067f,src/main,src/test
bba36203864a75f6758352932e8dfee5136f60e4,src/main,src/test
b5cb96c4d42de020d4f4afea388f95d631a4bcf2,src/main,src/test
04ead2e5ec265e7bd8c955e5d02bb3a8cabda195,src/main,src/test
bb05a882544830f96567be1ec320ae8372bb08e8,src/main,src/test
b8b0e72c640de1c6001a497636173c70d14807a8,src/main,src/test
50855c39f7c28e21e8466787f463f8c3eb0bfa3d,src/main,src/test
9257bd6b6a0227c400e1d008d5ad03d2244a6155,src/main,src/test
9a666887d85349b35e0d80885a7c7cb38029467d,src/main,src/test
6362e24be428cff2e1b0185887083e4b3cf26908,src/main,src/test
b9904fabe30090d7aeb8cc559f781988672c25de,src/main,src/test
6163141d99c2e8a2178c1a7eb2bab7191886f1ca,src/main,src/test
ed41686017166371e2661024709be0528fab3241,src/main,src/test
8ce13b9da419f61a409f7d57d6a15dcbaea9a71b,src/main,src/test
ea30c7b4d7c4621f777aed4cb4552a2c1e2270a4,src/main,src/test
1a88f82dc9a5b29e783b8cd3f884c11b44ba0e23,src/main,src/test
051189494a7ff3a7be5e22fbe9b411b52619b950,src/main,src/test
4e94c0ed9eca0caccb57feb0ceb252fc91198032,src/main,src/test
a1d0251ec152bff76262f45406b64467706643ac,src/main,src/test
f97a53fa030118cbb86a3aaa8e93e63a3e7fcb77,src/main,src/test
b65bd7a36955dd72e80a743d60f49247054b96d4,src/main,src/test
7ce734a4ea8ddf7cf63fc08cd8943bbdceb27b0b,src/main,src/test
df6ea43bdada52d5265d52c7d6c75e25a14da8ce,src/main,src/test
ab4f17f355402fdfa43994e8b1809f14ccce030e,src/main,src/test
816bbed534c8541b2257d58688a0e43792047291,src/main,src/test
d068a401140fb876757f37d694dfa271933752ac,src/main,src/test
a1a87936b12a8b254fb780ac7d91c786fa180e5c,src/main,src/test
d7d13a2802a792439bf1d993ba6796354f0c844e,src/main,src/test
568005dc32e7da642b388936d1ed2c9299db3155,src/main,src/test
987a463a185d25086c29ee2efa0c0e24ecf77cb2,src/main,src/test
be114a9a286c4d194cd268ac8153173c52619a8d,src/main,src/test
82c346ae999e1e250fb52732419aff9a86b1f455,src/main,src/test
1fddc0040b378af91b088da90cc9471b83d907d5,src/main,src/test
b5d3b9d59ef832f69150d452d1994c5dbe375ae9,src/main,src/test
cdf8041a29df98179f47f51747df1ce930c0e6c3,src/main,src/test
528840141dc8b6323c897d7d39de389dc164b194,src/main,src/test
1d82c60234be1b9c1b85e1496a5031790072c1ac,src/main,src/test
e60e9b3546dd13fc755bca92a6735e3787c89eed,src/main,src/test
9f01551c3f875ec7b19ad260683b794e6594a55a,src/main,src/test
b3c65e40abc63a4dde7f63eacf8ee96ccd4341c2,src/main,src/test
e59194aaff0a6e520184138924c69045160ee9d9,src/main,src/test
a80cef281426ee5480fb5e7472d226217165d2d6,src/main,src/test
bcd616d28c411f30280a86370d50e97469504a98,src/main,src/test
2684f15071755d79deaa0b68ed7f51fce5c24d51,src/main,src/test
0cce1ca0da1995dc92d344103a450c0295138ebd,src/main,src/test
0d700fd498c64533e6b4a35078f7f17a59bc421d,src/main,src/test
ec327bdfe8f42aefcb5e13da0c78164d45a7b317,src/main,src/test
bb06aa071bfab5dae714b95abd31ebf4a6017d37,src/main,src/test
129f9ba1abd5ed3a5d0f74c8270130c3715443ba,src/main,src/test
bc2271a77830a6583acf25519f6d5d8040b5ce41,src/main,src/test
b88ce67e2ea2a031af2479ffaffe7cf55bfa8fac,src/main,src/test
e4b261e94933bc9a03345b390b7d5558e7942321,src/main,src/test
19048396c24b84fc3c65b1864cd1d800f477f797,src/main,src/test
b72b56c01f3c292566ee20af748aa9a480dc569d,src/main,src/test
75098b73d4669da85e2814ab0f7b011facba7b77,src/main,src/test
d71de544624bec27e6f4e76548527ae727eb193d,src/main,src/test
b2ccdee0fdc52cd46577a90cb50dc011d6d681bf,src/main,src/test
1d930db6a1407a873af65deecf4290e4c4238e94,src/main,src/test
bbd8190030022df404a8f7c47c1bc32e990cb0d2,src/main,src/test
ee10eec7d09f8b5025d1edf5d35849f4666bccea,src/main,src/test
8fa9cb7722f81d8c2ab0e936b2315bc9f2b4c0b7,src/main,src/test
c49891b89f97d8355faa88d5479281c9c5cd8963,src/main,src/test
e979bc530a86a32d63389acbedd3323185ad4ef6,src/main,src/test
07b6d6636670b2a9f14ac265186790db11cfd52d,src/main,src/test
61a829a7c8aefa588437b12cea5001b1899a9e0f,src/main,src/test
d4a2092984c992b269ba75c723eb9092d94bf1f9,src/main,src/test
84d687272a3f013144096a8885f428ee0611728b,src/main,src/test
958c824560807ca145ea581d26e501ed0cf669fc,src/main,src/test
2936ba525b22c3aabbb2fc914d1a191938b2375b,src/main,src/test
099f36a0e77b6be727692d782d61171e614b72ab,src/main,src/test
24166ace200fedabd720622659c5766463b3c59b,src/main,src/test
f6fbed5072ebe7accbfe433ca848bf4b95dbe0d0,src/main,src/test
c62d8c79d1ffe9b0e351cf858fbbc1ccad65c271,src/main,src/test
f7e476edb42236ad06ab7084ecd5e6c5405bf99a,src/main,src/test
b3f623ff120a116f2101a24ec70d64637aac1574,src/main,src/test
9c2e89b49aa363292096addfa3f66179f498930d,src/main,src/test
6d3d7bf1d3db0c440dfe41a062200c7144622aa1,src/main,src/test
cdc404d870e9e5c9948a4d4762d12a2297404cf2,src/main,src/test
4929735be6bdae0d1853d7d269234a30be18408f,src/main,src/test
75a0953bcf6275a486243a67e91774c8d5ffb6ca,src/main,src/test
255c08d0675d52009c429cf2810c85ede1859c0e,src/main,src/test
2202ca51cf3e61765c9ac96326633deb2ff37318,src/main,src/test
ab8a20f6447da482bd0430498b482d06867c9c50,src/main,src/test
37eacd8b90b7f7e2393f305db9b154312b693afb,src/main,src/test
36631a98a1199be01b9fbbcc66ac2afa4ad82dfc,src/main,src/test
522d8f6ca9aed1d6bfd5b3757dd46835f1ca9527,src/main,src/test
567d6c09a868175626a0b404dc1a8f128f7746f2,src/main,src/test
d15b19f2b47fab18d369defdd2851e70284dbbf0,src/main,src/test
644487bf9b525b26734bfda1780b272b52631c5e,src/main,src/test
2f80ebd9758c75c6a03f744d2f7976ec2d6a59ce,src/main,src/test
8daddc0909fe8a04d1a3b1bc511ba984a6257f20,src/main,src/test
b08985693d2baef78653494a962ea6512044d398,src/main,src/test
3c63730aedbb552995fdacdd1944d9eb41982778,src/main,src/test
cc53828dcb87aadf2f31ab5d0ede3dc8fea092ae,src/main,src/test
1e5d34926af2160fc8d19cfc435b608ee60d5c3e,src/main,src/test
fe32b967f6b029a10ec1d40f7e12c8b37ba32ee8,src/main,src/test
073fc19c6ef00680570d481760d6be5e639687ed,src/main,src/test
c809c0cbe75fa24a19430867af8c35d78c6663be,src/main,src/test
9d3de8cfcf9b50b92db20240d42abafc2bad98e1,src/main,src/test
ebadfd25ed1244b170f7af2414c35673eb055a29,src/main,src/test
609a0f8eba352c197d07daa8ab8ab7f5484846eb,src/main,src/test
b1041d0072b6b2b66747edbfc8294b9cf8f7225f,src/main,src/test
98dd091af846988ae69c51c106099d19a25e84a2,src/main,src/test
e75731bbe3fb854e06e46414817fd7630963d8ff,src/main,src/test
2d318f6ef2314b0b7521a9e040a9e54fa72c835b,src/main,src/test
1ecc6b5f892743182f4f5206c3cb1f8027f0f57c,src/main,src/test
cf551ed67183ad54610c27338fb010dd66ebcdb4,src/main,src/test
b65b3cb2d139c4309a22b31812957808c5c96f47,src/main,src/test
47791cca55ce2ab0e96a4ff954e1ddaa07b3f0de,src/main,src/test
fad76382d6d6ef691afb29d123ddbc8434cf70f0,src/main,src/test
374c42a0da55e9c801bb43da264209af58531962,src/main,src/test
77b11b13734407bedb0f42353a5efdccbd81dcdf,src/main,src/test
6ed7caab6700210ab65746fc12a45be0044974d1,src/main,src/test
3063e5c0a898d52c7ec3f2fd725515b753cac765,src/main,src/test
02faabc79b8cd69efdd8683a1755b6025d5f643e,src/main,src/test
504464dd6883bfe6c915b7f7cd5c8092c005e7ea,src/main,src/test
e1b26264fd51c302a8e03aff1398a1cfe218b10d,src/main,src/test
6fbef0fd98c3f919a99f693e42ad8b5628134972,src/main,src/test
c9021f7b95b2781c46d06d2bc0b4e6b155e17d6e,src/main,src/test
6519db34cb56dc2f9a2d885d11c50e14de02681e,src/main,src/test
8e8d2e53c454bfbddaa1f654cda6e1e48d03e85c,src/main,src/test
5df9056b47378c62b8e6f032288472bd8b39119f,src/main,src/test
e9df8155f4f0a1f6bbc769deb3e791af39ad4573,src/main,src/test
7dd671d2b3c518570a92c96988a7bd3d94bac9e3,src/main,src/test
f40e6c114a5364ff5efd1c2bd76a41394ff0beba,src/main,src/test
131a4053bd57e4d240443e3ac14dfc0c764479dd,src/main,src/test
f1f4023763e57d956da89f7094b7692979582c74,src/main,src/test
b254aff593bd021e31c50f8c4d2faf3740e7862b,src/main,src/test
eae6759d3e3e51cab1cb40967184030240f6b997,src/main,src/test
35362a065904443710866750129d34f286f405f6,src/main,src/test
9e2f76ee490fb60acd3afe77dcfe79a0cf375d48,src/main,src/test
f2bb0dfb8d11979d63cbecd18775a3cc25133fbb,src/main,src/test
24de8a202578831c9633c8e86fef2f382cbb77a5,src/main,src/test
d39e9e0e9cdacf07a9c181b4c8ace105c3f916f0,src/main,src/test
aca1b9a362d61263e12cb9b77e9ffa725c273ab9,src/main,src/test
c732f8247e40979b8c6f6edd053d8b81536bcca6,src/main,src/test
c12fecd0f573e396f662a0d31fddd2aee2260937,src/main,src/test
d58eec63be1ee8e7e236bbded38c73343d9bb22b,src/main,src/test
d32563c559da846e386b86bbf664b82eadab7c82,src/main,src/test
cb6717764c0460f560e1b09478faa4dac692e8f3,src/main,src/test
6b87eaaceaf9db501dafa7ec34fb55b709af9a1a,src/main,src/test
157650ab1bbe5cd9d82dd0c85003fb6c335fd84c,src/main,src/test
700617aa96fdfb3259a1e8001c1bee24deaec34a,src/main,src/test
bacb37f41b4b8db75d6f1731e8c9afd56c6247dd,src/main,src/test
a290f09c4ba55b7724375099f5cf0cd0a9b48011,src/main,src/test
ad53425b8173476fa7f6d87ef640e8138241cdbf,src/main,src/test
6ec5136d28b30994ec525444b54467e72edf7631,src/main,src/test
4eba3999b90fff054bce48b7bb4655a359be2e52,src/main,src/test
d64199af7ced9e4fbb1947519f8d692318d7f0c3,src/main,src/test
77efe80b566dd914dc22d17814f311f1452479e7,src/main,src/test
23fe0ff647f3f805cb6bed3a60cda2ddbcd7df36,src/main,src/test
575cf3243362d1215cf2453553d6ae190246b28a,src/main,src/test
781d6f04a20c92d61291368abb0eb18f5d04a523,src/main,src/test
89559a204e5aed69a58d45837d65bbe7f6dab95a,src/main,src/test
2d90441ef0440f3a2f910b210234cb8b709ca727,src/main,src/test
97bbfa7827044224b86b6767e720dbd52f9d81e7,src/main,src/test
729c0fecc5ba6ac7749c7ea84d4a33dcb5cfa4e4,src/main,src/test
b9f6c5b1d4e6717ff95e71025d09f6affd5b7150,src/main,src/test
15f96ef28d5412c1d62e51b27da615f213487033,src/main,src/test
44f35a9becd891b9401a5879cc7934ec7130846d,src/main,src/test
21ca92134c900809278c987cd02d0b2335f4fb1f,src/main,src/test
e741034db7191de9985a9b3dcd667bbdf262ce3a,src/main,src/test
308ed4ed89b32d119b5994e457597275c6a0af7d,src/main,src/test
8e64a43abaea3133b1f47e1ee2372cff38133225,src/main,src/test
ae85620b0834bd978f8ab080b07150ee8034f8ad,src/main,src/test
21a2e4b7d680bf796f07d5d3b6119a3cd3fc356c,src/main,src/test
d5e12f74d2224574ef1e220decc514073303ac5c,src/main,src/test
dbf0c6f4c93d922a2ebb4d744661e7090fef2aac,src/main,src/test
386e9f7ba59a28602e12c7ac2689590998c237c4,src/main,src/test
034f3c0f7ffe5eb1dfcc132133a26159c5715301,src/main,src/test
b8b3c7404a36dcbbfc934d281097dd61632b1d68,src/main,src/test
a2f43085f141df476c975e62a415004818a6aff4,src/main,src/test
cecd409aa97693beb87c4e9ca34ea7f734676216,src/main,src/test
70d961bfb281498489eeb7d318bc5c96fa7f92e6,src/main,src/test
1a8b5d3b6c19d91e0e39921e9fed0d01f5140a20,src/main,src/test
7e30b06349586381fe72e0fecf6c238e04ce9e5a,src/main,src/test
9d0fae41bdc7fae448acf0b84ba18e24e80ad0b7,src/main,src/test
c48e992652125eb74aea8ead8cbda5fd0b44976a,src/main,src/test
6fec75fdf074e13937594bfd075796e11cae6a03,src/main,src/test
a33e3306665e5aab6e50efc5c6df3524422302d9,src/main,src/test
22c483a6e3ff2531a5beaf1257c3e39ab5599698,src/main,src/test
ddef7822f935234fc5d9c38bc678271d726e5d57,src/main,src/test
3f0552558cef612186409559ebbb1209bb90ec43,src/main,src/test
7ed2d00e881588d434222ca9d94c2af233dbad9f,src/main,src/test
3aee590e9f546ad5cc59c9a75367e410bcea84ea,src/main,src/test
121fc1d3432c7bb69d1030d840fc979f1f16c926,src/main,src/test
6b471c37efce0a3205dff387efd3473980be648f,src/main,src/test
12e811240e7f492a7a0639730c59c4a0cac10578,src/main,src/test
5e924b21f6f55a918aed08927f8088ddd35ccfa5,src/main,src/test
f2b0ac522d198378768b0f2b9491e08a54d3cd1d,src/main,src/test
5df1a6c3bd4f1594b945ea6fda70fe43e87e5e29,src/main,src/test
03de610cf2eaf429e677c06b6aaf0c7697d9ec47,src/main,src/test
1addb1cc76367ea2734a6c8ae42fd7defeef4abc,src/main,src/test
fafbe3ddf58a805e877b6232f8cdcdfa2e1df636,src/main,src/test
60274f04f609f8891d338e0d8ba72aeb72f6ad44,src/main,src/test
b74fb8d681347ebd166c80f3e429038c60f62646,src/main,src/test
53fb51fffd1a68b2203f401454f143b62935fc84,src/main,src/test
19e6d29bee1fc17472852773bf69ea86d5cd378f,src/main,src/test
3c17052a38519be00589a8f7243e44506c20240e,src/main,src/test
6fe1ff0dc1d51f236d666bd4c9d5d139449c2841,src/main,src/test
1dd61d258eb1c7b7c3fb2fe715b50b2c8a2d5206,src/main,src/test
4ebb58bc7bcad564183f03f1d6626f5bc75014a9,src/main,src/test
044761394a7818d657aad707025609050a138d32,src/main,src/test
3c35f1c7b56ee6f599d153b300de36faeab60c52,src/main,src/test
19ba37248e23156b7898b198d77ee75e6ec6c06e,src/main,src/test
be1136361aa2eb9ddf65f9af48dda36abc4a4cf0,src/main,src/test
dc87afa9d3c564b8fd8ba7f949d9a33350bdad97,src/main,src/test
20a67f73f362bce0d0d93afacec12d30796affa8,src/main,src/test
a0b9095d39d3d1a748a4a74eb61144d316eaee40,src/main,src/test
da2f2c9743c2614b9104d0b25982dab6cfd60165,src/main,src/test
1ed7f3834dc77cf76d7477e8165dedb8ae2d61c2,src/main,src/test
660ec8f8c081646413d14adf41d55bbd4362a5a8,src/main,src/test
cebfddbae8e9fb585cc03f4f4706e268b767b5a9,src/main,src/test
f807c8c7cd417d4dd240282fe9510158032bb9fb,src/main,src/test
563470e6ea72eead488e917ed939b4a3d5abded5,src/main,src/test
f89737c46e7adaef5c18874dc68b78adbdd9f2d9,src/main,src/test
26b6251f3a04c06abf508b218214eddecfc28ae4,src/main,src/test
4950f446876b8de05c200cd98019bdf1f527d465,src/main,src/test
06da5d494d1b65c7e4d3fe632d1de544ff1a3dd7,src/main,src/test
2ec3ad2d7377fe1534b3433f7117201435192703,src/main,src/test
03a3b555738731fb28fe4cede9676c9410717b59,src/main,src/test
ff192c11f6574c9ceeae5f1e8f9a655ea262a828,src/main,src/test
52ae85f72940673a6a54bfd18c836d18d07c243c,src/main,src/test
fe25f7e14d92f5d4746549e7df22e9af35fdf54b,src/main,src/test
d5a25f4300a93f4c411a7b8364d34122bc0a1b62,src/main,src/test
3bd5de685c1f1116b71e6c51d713528834773fdf,src/main,src/test
16aa30572b41b7e643e9ee08def2169681f8e2c5,src/main,src/test
ca6c3fc55eb74e21fe90e18da33723fb99b22f21,src/main,src/test
7e4e1158e7e2bf84e508cd1d76fccf933a97c2db,src/main,src/test
c8de5aabaf786e191fb07deee5304741ebcdb899,src/main,src/test
a2ff432585cc8b3fd44fc1a6225bbb08a855c811,src/main,src/test
37b4ad5be82a3c350febeda888d4a844c1976f47,src/main,src/test
04cb084c913e82414a7e92803cd037f0169450d6,src/main,src/test
30b5469753686548ca7a590dd1bc5114181e68a9,src/main,src/test
d16a507218f1a401ba29d58f6b7aaa3d4e7a6002,src/main,src/test
9566ea8e2cebff0081b6a6df90370ada20aaccc9,src/main,src/test
ed7d4168d067b08c22c596ba5e98aa1136164306,src/main,src/test
2a9808cc2732bb4828c06501cf8c09f23b63f397,src/main,src/test
279e3860bef52725e2b55a8d871b707602636e9d,src/main,src/test
801317e0adf42ada55cb0ea09b59ed3dfe51edf9,src/main,src/test
e2736f14726a640076eb0d882274f18b8cb81e0e,src/main,src/test
e258ee60edc692c80907fd6e4bb16e641692b721,src/main,src/test
b049739cc66a0f79c19dd1cea47e922d95645023,src/main,src/test
e9ea56cfe9178b6159f3ab61ec2b46cb9052ee61,src/main,src/test
b4eac5450ac0aba899659b9d4f6294d2130832e7,src/main,src/test
d485ea7da49ed949c81f23513d01d67e170d2a1b,src/main,src/test
f2f611e701c63c8e98e59f315641bd2bf2921aea,src/main,src/test
518392291f1d718d1a84dbbd57520a2d050d475a,src/main,src/test
af2241c77e8b27bae194dd1976799ec8883352f7,src/main,src/test
df8b4b12cf84cd9d23231a089984fb17c8b9ae54,src/main,src/test
6f9a26dc71b2d0ccf7b3a5d754cd5821de259163,src/main,src/test
06e37f3b14ad2220827de2725b94b2504c154766,src/main,src/test
7d45f7f50c883c3e6dbc1e1efdbd5f6ba5e5a0f0,src/main,src/test
1fb5eb82172887d87105b045b1d73760bf6a3cc2,src/main,src/test
a7b26ebf2983432b64c120fcf09b4d294748e081,src/main,src/test
2ea6e402d4cf86c3f7e9a16e667a40bab61cf11c,src/main,src/test
3536975b7eb9b43f28e72ca43baa85bfd432becf,src/main,src/test
eda66cc8173c8e359d68a07bbc8adbbef5f8e7f6,src/main,src/test
b4ef0a65150a7311ebb9119b1ac6898e33dc0baf,src/main,src/test
9917c94d94a285ece80e6c9f3d2b9fba06d98fd7,src/main,src/test
6c617384110d2ea10b1bc5543f747c177df6dc8f,src/main,src/test
ce044860842a73d29aaef5d6ec8591bc6abd425c,src/main,src/test
6e7100128bff0f031cf5ac63acff2ac4d8267775,src/main,src/test
726b6e0aff29b38067bdb8e6dc2dacbe51400f66,src/main,src/test
4312a245550d475205c8ec84fc6b5a5a8f717989,src/main,src/test
19b897cc8ed0c48995f1aff18ceb32fa8af81c6f,src/main,src/test
6172d7561007a941b01f960dd44d94a92f3ad763,src/main,src/test
80c1bbb7f93b6ec3c79c4ae3f72dbeec5dff62fc,src/main,src/test
a92e2be0ccbe6732e1fef39bf48b0f9dcc559fd6,src/main,src/test
5ba0146ded66bea04792f9b9a5475e7ac2b19473,src/main,src/test
51c3f7c7ef398daf9b62cd288440f23d101b7459,src/main,src/test
dd9e751556041fc1bc5f93f4b2d5f434a45e1a3a,src/main,src/test
429f70f64976765d7f1714989307edb5ecd970f6,src/main,src/test
332532aed6f07944458dc5fcabbdf812900eb30e,src/main,src/test
c89a98af57bda92ce5d1884381f008200b174d31,src/main,src/test
44dea1f292933192ea5287d9b3e14a7daaef3c0f,src/main,src/test
707db7a972e2d088647450f9a890c438fb735933,src/main,src/test
1af020bbaf30c1643f773475343382f22b9c2a86,src/main,src/test
aae4082c227accb5f83667c824e890ad0776cf7a,src/main,src/test
ea2c9a46bf2a98eb2f1af04fad65016f4648a8de,src/main,src/test
6456a9ac0bee09e2ae45ae56739102a8071f217a,src/main,src/test
1b833661643121ab806f37351a4d590bff6138ee,src/main,src/test
158e11658553b6bab312059c8f258f95030ba0c4,src/main,src/test
1a24cc1755d787a576c32157a38e441cfe839964,src/main,src/test
354e1390bc397ef048ffd5d905b0709a3a2585ef,src/main,src/test
de1376e85e247f7e4b185183b6433721dec172bc,src/main,src/test
2abf5a321405a82ed4e0d3a7c876c82bb05188f9,src/main,src/test
48a21be49caecafce6c72f8eb761d1699d3a4254,src/main,src/test
23e52abadba061ba26859a72dcf6a1caae2c72a8,src/main,src/test
f0efb09de9ebf2f217fd6a7c1ff239a7ab31fad2,src/main,src/test
ee1c51a66a76a5d60790e429e343284a3ea9293d,src/main,src/test
01fc9dc928822538f111fd72021c91842c97d32f,src/main,src/test
ad513eef2868a3e0ca60e22a752c6ff982e20098,src/main,src/test
7db1f44069bbcac9d884d829f8052a89b5ec271b,src/main,src/test
a143c05db7a911f98f8bf59beb13cfcb7689395d,src/main,src/test
4a8c63713c084782a6da85b1b8c3afe1834897e8,src/main,src/test
cb6dddd8303e247a4787f4136e1d37f502946ecd,src/main,src/test
a341904929bd1cb207de657b3d0b61c4ad7f743c,src/main,src/test
dbe68f61acbbbbecb615a754733e3284beff8d05,src/main,src/test
757776662cc3a024febbcbfeff180e6283f7416a,src/main,src/test
c5a5f53185d5736544625d5361e8c7e9ab9b2adb,src/main,src/test
189795affbbd2fde3f20b70cb56983dd46783b68,src/main,src/test
984fda37d27abdb511162d3ef647665e83b9bae1,src/main,src/test
07d0e7924cae8e9e525982515965ae35458c6ae7,src/main,src/test
8e9d4b29c1326511736ea73a57c8c8837ab57f8d,src/main,src/test
db612bb3839581d0a88297667880cad548c018b1,src/main,src/test
b02bf06bcd18713092215d63b1bee2f29067f88f,src/main,src/test
c85438ba38b9be69d9368c68aeecb27e3e680fa5,src/main,src/test
9776f5ffd0e2afcfc0951db50b96651c2972dded,src/main,src/test
6dcb13f70fb1c68b0c055bfb1dae2b296ae67b03,src/main,src/test
6f60dd99673177cdb1b5832ad968793887b0ffc1,src/main,src/test
914f643cd116bf5e5b321713fb5ed28ad992591a,src/main,src/test
e1e0c0b89372d54c0de184b16b1893dac803b5c2,src/main,src/test
3455cd6a788eab52e237ab34de9962a6511e61f3,src/main,src/test
6b2fbba10e5a7dd32c6572a2a5d1de44f253b179,src/main,src/test
b28dac3d7066659159c86eb20e98c24f4d5fbe02,src/main,src/test
690bbaba65938441a801979586914a5684ad7e94,src/main,src/test
fa1c2ff7eefd68061ae0cc3f630e87d16d1b2bb5,src/main,src/test
119ddc9701c94ac184362166742ceaa7437eec8f,src/main,src/test
0ec81c07bc4be13e1382f7191981ed3f0bf9ef39,src/main,src/test
817a45a07040297a5db45dd04e79b010146b7e0d,src/main,src/test
50ea0838d9251240e8dd814c682059ef85b4d0cc,src/main,src/test
59af571c64a169eccd670337f097ff4be44a2262,src/main,src/test
de1acae3a098346ef48c316bf4022fe88499952c,src/main,src/test
7785dff4647ac4e9e6675ca118ae97106225d23d,src/main,src/test
6c5826cf409c55c204018567014e698fa8807f2f,src/main,src/test
0f7f5836de9f13c85b549cfa34db6b353dc11264,src/main,src/test
7c72020b51ff44ffc79049812a3505409baf063c,src/main,src/test
48617c885ec1c2563458d5d66ed637a4972dc1cc,src/main,src/test
ec1820d591bbb51edb96942444d1806e2b86bc12,src/main,src/test
36d9b59eb1b74442abeea856dca61ebe8bc7b3a5,src/main,src/test
1d57c20dfd79c64837cf1ec357ab402f2158227e,src/main,src/test
66e8ac6372bc670d98e9dc74f06ef6faef97032c,src/main,src/test
66bfe6658e6c25e03d1bcd5d4d858e1aaf738a01,src/main,src/test
a06883b39043618451a9d59c85361c506f287dc8,src/main,src/test
468eba8ef1259c24abe6355c8fb76598cd4e20c7,src/main,src/test
368642154fc234c65d5abdeeea426ddaca888697,src/main,src/test
fad472603d4c626de66b7923fa662247f156a9f0,src/main,src/test
f7270edbb7de428249bbaf8f4b187802aea00ecb,src/main,src/test
37879aba239d439f0587b93634025177c37a4da0,src/main,src/test
6262dd76625e16d10ee45bc90ae76b02101cd65a,src/main,src/test
466f706901d39ae95393c6c7b1d0b544247922f1,src/main,src/test
14d979d2ecbca0667f23848c5fee5a526b057d63,src/main,src/test
e4ece74071185c48dabbef44ffe55f031c24d5c8,src/main,src/test
8d0d6e4aa8753f44d340b12b6293b5bc0c33d6f5,src/main,src/test
ae3f01b8ba8f4ca60e046536e576bcfcf2962376,src/main,src/test
ae101c63bc8c74466fc137b766faa8793c1e1f10,src/main,src/test
00bb11edc3581f42e1f3c78a047538c8ea9eb0d9,src/main,src/test
512d5cc176a86b1eda9a13f3a0ddcf7aeddeb06f,src/main,src/test
17102407f11f8507eddcecfca41c5f2ba8c8e3a6,src/main,src/test
a399c540e540ac616fd3c19a8e46ce065ef71f8c,src/main,src/test
3b041e3bad5968ade7f7519daeef6695a8f6b7f9,src/main,src/test
57a51dc5fc583332822b94911602124945e046c1,src/main,src/test
dfa1b441141dfdd996a89c42de087dbd292da456,src/main,src/test
1eae3221213808149a58ee54a76cc131b3b25f14,src/main,src/test
257ae1c7a88c5ccec2882433a39c0df1de2b73aa,src/main,src/test
b07c15297d835d17187519d5b722c4f8f1bab90e,src/main,src/test
7ec59e42943d311f127915c03c92f26ea2369754,src/main,src/test
63b33fb2965b0fdcb73c41ea0e76b53ef23e0385,src/main,src/test
ead4e32095e885e73d038824a845f228d860aaed,src/main,src/test
b1d34069d9e3627c1ed42d6873ab8266ec6d8b60,src/main,src/test
84ccc5d092db6b53768d99fabfe90a8542bb2697,src/main,src/test
4958db58fd955b8c45f16a647783e85d0e350c77,src/main,src/test
72de08e38ce847d906ce09f9da89d5e1e0bed859,src/main,src/test
04db8f751e935940efc7d6978da513c8de237fc7,src/main,src/test
35ec0dd8cec9bde072faf50502d43535898e248c,src/main,src/test
87e4661193cb9f55ab2bf5ee469168c3fdd7037b,src/main,src/test
d7a94ed1677815c61e378dedcbc27929a8d91b5e,src/main,src/test
6005b026f51b76f634409ea4df6250978d0447dd,src/main,src/test
6b201f96a790913eff3d4e039031be0caf42576f,src/main,src/test
fd4eb1b1503d66138881f645de6f8e5ef9f233e1,src/main,src/test
95267b06e3c11a4194da9a966a6df5eab44e2a1e,src/main,src/test
6b9d2c53a6bb301db5b4c88bd4aff5fdcd9553ad,src/main,src/test
98f2090b54a6af320cea93100df2502480a4924e,src/main,src/test
23328aaf23bcd86d4f2e3a660bd826bd4412b8f7,src/main,src/test
7471116f2457073ccb895a0eb452591b71c043e4,src/main,src/test
bcccd3e82241db25a2f34ed655dab88395089f39,src/main,src/test
c28f74c3cc6eb190a7e185939a93d978d306368d,src/main,src/test
2fd20c55cf0fcfc677cf13cf6744be98dcd26a40,src/main,src/test
ef5c5d30eff8af3b89ccefdee0fbc500044912d2,src/main,src/test
d8be8adef118e2ba5c57c6859e671a8d384298de,src/main,src/test
0ac3e86a9e92967055d640cbddb3c6c68decf64f,src/main,src/test
315ceb22465693073ec2a070d2c2c769777d1b0b,src/main,src/test
ac2b202b0c3a4a49163c3ef9733460c1d589d2b5,src/main,src/test
3a7ceb235418d529e1accf57b703abb18bb46f69,src/main,src/test
ebfa5d8800108e5c5006eedbf2bd028cf6c922af,src/main,src/test
bfbb661eb1bddb11297eb5fa9cf12e523fdc3ae2,src/main,src/test
f078ebb77005b3ab60e0bc3eb472de62d6be036f,src/main,src/test
2e9defec2dc83e9b1e436f5f9223d685c776da32,src/main,src/test
746c43ad247bd80f1a283b4146a3a68878ac97e4,src/main,src/test
add3cc35d6b5223be8198fd591dc4a26640fbf31,src/main,src/test
a4849c115f097ad8304b385a279871a4d44a9f16,src/main,src/test
5e799a2e2265cbb6a056b37b50f82cc1eebf1d45,src/main,src/test
29446171c4157d3f9404f7855842e78e8893e420,src/main,src/test
10f44221fa0e8ffbfbc39384581b190f5f0cc106,src/main,src/test
e2f78f2ef08962196299ea79fb0332af1606e471,src/main,src/test
c717c2ff7ef92ef1c5a4e6970408efec1074b546,src/main,src/test
7b0913f9d7322295fb670b264f4ef02ac91a76a0,src/main,src/test
ddde8e3f7ab870803bf3a607c2cfe6cd846e3799,src/main,src/test
7ce5832321067b3d4720283e216b7b97c6a04f60,src/main,src/test
015bdd71a9c8663c01ac34031b3fa6b3376b8135,src/main,src/test
8667b6da9d39d0c35aa4ebdc848c2e0e5d3d7a77,src/main,src/test
f95a92786724c90bb33ec30eee6990831617eb23,src/main,src/test
372598ef425904a335b9b56b21ffb28e309248b1,src/main,src/test
3a1cff29c844632ba640fe1718e680829ae147b1,src/main,src/test
64a27bc8e5fd38a48c0c70eddf864542f7198acb,src/main,src/test
fd0f1fefdc19593a040b3dce857715d613cb6458,src/main,src/test
4d532801d3d552c7522888efb61e42f0fa167715,src/main,src/test
9e080e298d8c0cfd7d77a56eb93d85a5da322555,src/main,src/test
fd9b65dc45657bb7cd236df5396b901f36469c76,src/main,src/test
fa1d99255915f21c868f28307fd6e3adb2029ea0,src/main,src/test
01797b0794ac384f5f5ef49cc0cfab8347ae7930,src/main,src/test
9c5fec2302237ede0e797c13c0663a6bb52c798c,src/main,src/test
f339b5c62d6012efe74ee3997cafeaba79e7a7a1,src/main,src/test
2a0d13639a5d605121885f5bf28e880e7bb0a66a,src/main,src/test
9d8e46072bb8d0a3fbfb23abd88e771bf2614901,src/main,src/test
4becc49b72b58e25270896c1e37bfb5e08ba8a20,src/main,src/test
fe175d98b07ab88f508214a12cb1bc0d1122b933,src/main,src/test
b19cd2c74b1af18df1cc32a09b152851ed7a559a,src/main,src/test
6a3b34afc356d5d5d069caf969ebe28c2be03b40,src/main,src/test
2f58c932645751a53835110ef2bf5a90fc652ef3,src/main,src/test
365c29bd6ef5d69fe7cd07bc01340c9bb2ba8333,src/main,src/test
054467f2dce77e1a1f1aa074772d6860fa52b5ca,src/main,src/test
95a9ccc779a8c039deee4e5ddec6df411c2e3cc9,src/main,src/test
03a49b173536b3811585006a331faed5a00f277b,src/main,src/test
f0a2158fa6f1e8f1aebd450fc77dae9ec5fcc72d,src/main,src/test
1bed6c26e88f889f5ea891b7fe88f74dd56579c8,src/main,src/test
3ca881eb2e088ee3124ff351119e15ecf14fe0f2,src/main,src/test
06a6ebf478c0e1960894916b6ffbb24139c6e30b,src/main,src/test
434ccfa64e329728c4c24435e47359700d0decff,src/main,src/test
dcdc5e40dac83d33b0aa94473f871d075b2b20a8,src/main,src/test
8221fe16c513eae3193ae7cfeaadecf3a179b7f9,src/main,src/test
0e1e87827326aa785da225aa980d7429a9d562f7,src/main,src/test
9077a58a1325a4e5e610c13849b3509e8cd88111,src/main,src/test
26f8fa23b803e93184a14c81c77163b301a6c185,src/main,src/test
c4a00322e562be3a53b93638b8ea9640a7c27806,src/main,src/test
4ec01ea0f00d06f41e0c3b0fc75ff0c9fe6380bd,src/main,src/test
37cf6f243424570e39b5f65280ca673089e55945,src/main,src/test
77c3f1f32eb79941f7cb1b7b530b4ec37d216dba,src/main,src/test
fc6e3c22e842f2e5ac26942f51419afb5e1268f6,src/main,src/test
6d2e7c261f55d43c6a9885d96fcd955eb6bb0675,src/main,src/test
e4670a7278fcc4537d4b114defc9a3bd7e9712df,src/main,src/test
83341f7530d341139e5613455dd7a8893d4f0d68,src/main,src/test
ae242d79f5df3e9fe8671f3cb50f44adf8014bd6,src/main,src/test
545e35e459284762cab32fcd4e2d85bd9f276edb,src/main,src/test
aa321ee8acf015d68a954b714f739b584936a8fd,src/main,src/test
18720ae351d5424673e9c3c6ca9decb733b0dc80,src/main,src/test
daab1d9afb9e7cbb446bcbe79415c2155a642129,src/main,src/test
661d2118f816bf5c75cd30b4ec7645cf97ec27cc,src/main,src/test
62657fe54bf9b485d0da6fc7c9e2c7c37a947101,src/main,src/test
9fb18f412ad2e377fbcb1847391c3965b7464fff,src/main,src/test
d8318e17d291e0bc8fe6b21ac67438ff8e534a62,src/main,src/test
3745034e0883a9d0d22fd4eaf70aa4958fce525e,src/main,src/test
224db283ae81a0cb120d3adbcf208f877aa60dfd,src/main,src/test
fed24bac3f416bfee9664abbc118529dcdc6ef34,src/main,src/test
c77814e9b5c23e8194222fffeb334dd00a1bc342,src/main,src/test
6f4306bd8375f6761e27bd619a310c840e212dbc,src/main,src/test
8cb043560e46d9d12a2c149af634856b68df5003,src/main,src/test
0f4b5e30e9870b6c75d5620b68e5bed5e3211fbe,src/main,src/test
87b62f9e91adc14936eb35a11bedf1a2cf5173e7,src/main,src/test
07bcd046b2b9b03802a8d1695ec2f6059cbd34f4,src/main,src/test
9150a0356a3c484e2823a63d3570cdd90c0040da,src/main,src/test
833680a543eeae627a0e93684355e881c789c80a,src/main,src/test
a1bb6f2dcb82eb9f880f87c480d6086a8e0bee34,src/main,src/test
88f44d87d4c2251d7cf55d9aa9c3452a397ae19b,src/main,src/test
a31445a6323aa2ad246ff2e09fadb06a27e6b2dd,src/main,src/test
3ef691ca874c0967b18a73db45cdc2c86f45c701,src/main,src/test
3ee4fe0fc1b0bb3c3d2f39567f3f1ae86c3fa53b,src/main,src/test
8aeec2ac38b66322ea28925b8e59217835241039,src/main,src/test
61ef4bf02b47c804d6a2e7e6712eb4a173f6f6b3,src/main,src/test
c1661b67723ed5c394b1fad5595bb01b370bd1c0,src/main,src/test
301e6bc90d3114e21e1bd41def12466d11b0ba78,src/main,src/test
9adb08e19934fe80cb4e4a59b8e809fd4e970fb9,src/main,src/test
5757cb08e5253167a5709082bd1a586d48f10c1b,src/main,src/test
20d53b08cf263f0ef8894ca325f619db600e2f99,src/main,src/test
be97826b2c8702639503cc6c7f8398d84073aaf0,src/main,src/test
db53194c64e2b3d0258f3ec8aa1799f499b4fced,src/main,src/test
d76af29ad9919460866908025fcf4c974d64150a,src/main,src/test
96cae1740555bb0c4a31a0e886403b6a958542d3,src/main,src/test
192c1dc12b0bd610fe87e4872c9e5077ad176c99,src/main,src/test
25bb40ce607b2f70ed36a25bdfbf18d25ed0efea,src/main,src/test
6c03c65c98d7a93ef3c5bef06bbd42180af44334,src/main,src/test
a795fa2b56ed3632143908afbc13aa2ce59a1410,src/main,src/test
30fc0eed5f562b3b3e05f6d538e060d9cc324cd6,src/main,src/test
d5fc827d5bb9ed8d48780ca092f146376dc5a7ef,src/main,src/test
69afdff1fac0fc4a472a0b04d5bc01df49a427c5,src/main,src/test
82b474d51545919cb38a49485f56fd29d6ed199b,src/main,src/test
bbd8190030022df404a8f7c47c1bc32e990cb0d7,src/main,src/test
07b6d6636670b2a9f14ac265186790db11cfd52f,src/main,src/test
