bug.id,revision.id.buggy,revision.id.fixed,report.id,report.url,deprecated.version,deprecated.reason
9,ec0db741b7e53d6fbe3887f8720f76a625d2277f,fdac1475918e93444b08a024d096b4ec39d6733d,COMPRESS-160,https://issues.apache.org/jira/browse/COMPRESS-160,4.0.0,JVM17-Pack200
10,8cece7223349341d5ab44234d1f62897cb849511,347660646cfad588481c13058842d49fa3779f84,COMPRESS-164,https://issues.apache.org/jira/browse/COMPRESS-164,4.0.0,JVM17-Pack200
11,00cc49e76b4cb5837f91bdcae2b3dff6a2809f2a,a933173f486614073b68b6c0a6ef09a9c72c94fc,COMPRESS-171,https://issues.apache.org/jira/browse/COMPRESS-171,4.0.0,JVM17-Pack200
12,b23b5c8533846374a22b417f7d66c7cb8ceb8962,bc84d2083e4b1da77547bb4e810a06553e8f0bed,COMPRESS-178,https://issues.apache.org/jira/browse/COMPRESS-178,4.0.0,JVM17-Pack200
13,576bd034787ca2f7367127432e4b53737d6e690f,c75c10faae27781aeb51713f42153cad1fd242a4,COMPRESS-176,https://issues.apache.org/jira/browse/COMPRESS-176,4.0.0,JVM17-Pack200
14,d39ba76c50f65698213787901ec8dffbda77e43a,40f2e6380094ebfdc73e4adaf4059b80e1327aad,COMPRESS-181,https://issues.apache.org/jira/browse/COMPRESS-181,4.0.0,JVM17-Pack200
15,306b3d6b551b2fc6a3c9729117d47f7d7dea9e89,4becc32881aa983d69359b475892a4f2bc6e5b89,COMPRESS-187,https://issues.apache.org/jira/browse/COMPRESS-187,4.0.0,JVM17-Pack200
16,811fb4e1f7cb0b87d9af62cc892ac06a413eb560,9bdacbfb9631d3a3710a64f35482c643b78a2e79,COMPRESS-191,https://issues.apache.org/jira/browse/COMPRESS-191,4.0.0,JVM17-Pack200
17,db6dda34281d95d495ff4c935b65cf84310bf6be,ab456436d20f386641e605c17de24cc8cd3c1770,COMPRESS-197,https://issues.apache.org/jira/browse/COMPRESS-197,4.0.0,JVM17-Pack200
18,716666a267169689e3b4559458c1f0d53a96ae0a,09b8f6d78e18b927491fc299973146fa74fd977f,COMPRESS-203,https://issues.apache.org/jira/browse/COMPRESS-203,4.0.0,JVM17-Pack200
19,ed534048b12afcffd45a53f7b0945f49d929a29a,e860d2f3eb16d84e146a8a700d9dbd3af01df4ba,COMPRESS-228,https://issues.apache.org/jira/browse/COMPRESS-228,4.0.0,JVM17-Pack200
20,a671a703fe86b69adb8c61495a915065c186362d,040e42d0f0bebc15ca80cb80fb6db53804b2e082,COMPRESS-236,https://issues.apache.org/jira/browse/COMPRESS-236,4.0.0,JVM17-Pack200
21,afce414fb9351fba7e68dc5e77e2e144c3c59722,5c2d32b322fa797cf428b35c4c5998173d6403d5,COMPRESS-252,https://issues.apache.org/jira/browse/COMPRESS-252,4.0.0,JVM17-Pack200
22,ad634c0c24e883ec4ba509122df4679c2245e37b,71e4eeadcfc5eb390eca1142fc1f6ee5b1b4d5c1,COMPRESS-253,https://issues.apache.org/jira/browse/COMPRESS-253,4.0.0,JVM17-Pack200
23,71e4eeadcfc5eb390eca1142fc1f6ee5b1b4d5c1,cbb5a1ad9b0b80f717ee71dc0fc765afdc1601c0,COMPRESS-256,https://issues.apache.org/jira/browse/COMPRESS-256,4.0.0,JVM17-Pack200
24,c2376685ed5cb56833327cb5f54e5f803a8e8fa9,8da377299d085b4ce1f15dbc0732232ea32e601d,COMPRESS-262,https://issues.apache.org/jira/browse/COMPRESS-262,4.0.0,JVM17-Pack200
25,bc741b19e88749d66b03bf8dc292f3ae0fc74156,aed56110ff582b96aecf7675a9cfe5247ffa3e7d,COMPRESS-264,https://issues.apache.org/jira/browse/COMPRESS-264,4.0.0,JVM17-Pack200
26,8af0b6c133fe7d147833b70e731c99d179dc8db9,557800a53cedad99afc951032a11931f3e39bf13,COMPRESS-277,https://issues.apache.org/jira/browse/COMPRESS-277,4.0.0,JVM17-Pack200
27,383d90399e3e2284bca4836197eb92b126095479,1ea7e01eb6776071eddf60f7783d650ec7d60e74,COMPRESS-278,https://issues.apache.org/jira/browse/COMPRESS-278,4.0.0,JVM17-Pack200
28,1ea7e01eb6776071eddf60f7783d650ec7d60e74,ddb5fd6d8e4d5fa9f7fa659c93fb6eb04f238689,COMPRESS-279,https://issues.apache.org/jira/browse/COMPRESS-279,4.0.0,JVM17-Pack200
29,66338dd9c4bf1e76be830749d9bc93c7be35cb2a,d50feb67569fb5881b8a2ff5996f656c5f207c2e,COMPRESS-306,https://issues.apache.org/jira/browse/COMPRESS-306,4.0.0,JVM17-Pack200
30,0bbe5b59af443da2c3101cb9259e7ad68152dd13,5cf68bdc46c7bcc0fc5eb3cacd1c84514ef552cf,COMPRESS-309,https://issues.apache.org/jira/browse/COMPRESS-309,4.0.0,JVM17-Pack200
31,4355c0d224342b5c94881b7aabb441f765867dfe,f8bf45444c49053a92f6f560c5008d5ac43aa27f,COMPRESS-301,https://issues.apache.org/jira/browse/COMPRESS-301,4.0.0,JVM17-Pack200
32,24a3100e9897837b513a0d9f2ae26fd02ec91246,3c4a09bf28e7cd600b919b8c799fbbfd19a94c0b,COMPRESS-314,https://issues.apache.org/jira/browse/COMPRESS-314,4.0.0,JVM17-Pack200
33,9b3e389fc692513cc701b886a9dcdab6ebf32453,b72b5c716ac18150396d05988d9eab745bea02b9,COMPRESS-316,https://issues.apache.org/jira/browse/COMPRESS-316,4.0.0,JVM17-Pack200
34,1dcab3f854e6fffa16c842b8a10a6fa2163795ea,e6e24766377e705e89358fb9cf6253e2e9e645db,COMPRESS-321,https://issues.apache.org/jira/browse/COMPRESS-321,4.0.0,JVM17-Pack200
35,9431b16c58a3fbb320cf13af80cb36430f2aea79,7250daa429020181bb5a4c40d1aaa169631b8496,COMPRESS-335,https://issues.apache.org/jira/browse/COMPRESS-335,4.0.0,JVM17-Pack200
36,ff5158b1662ad5a67ae6041afc89c5fbfd5ddb1a,d0501577d37b594c3ff59a39ac211f7a1b170fa7,COMPRESS-348,https://issues.apache.org/jira/browse/COMPRESS-348,4.0.0,JVM17-Pack200
37,14b3d1ad8c5efc1f21c94e6d0f72635c374b2bb6,19a620c904587dc0397b43bfe9071ff60033c097,COMPRESS-355,https://issues.apache.org/jira/browse/COMPRESS-355,4.0.0,JVM17-Pack200
38,19a620c904587dc0397b43bfe9071ff60033c097,823cdee9b18508e9e51913d110a20a406f55582b,COMPRESS-356,https://issues.apache.org/jira/browse/COMPRESS-356,4.0.0,JVM17-Pack200
39,593339ab62ce5db71fd42501a9ddea9fe698b9ca,11840dfde044fec90b0cb4a715ce9d213acea3ca,COMPRESS-351,https://issues.apache.org/jira/browse/COMPRESS-351,4.0.0,JVM17-Pack200
40,32c30f6f072ccfea6ead90f8eef0c205d88d00d3,52dd5908e374973d69c51856b74d4d93d591c90a,COMPRESS-363,https://issues.apache.org/jira/browse/COMPRESS-363,4.0.0,JVM17-Pack200
41,e0c83d24ed5a59911b0ee59a72104410b91a7c0d,f015344879f1bc3505bc616fc7ae517cf9f60838,COMPRESS-367,https://issues.apache.org/jira/browse/COMPRESS-367,4.0.0,JVM17-Pack200
42,75ba40cd9236761b4b3e49013eb38f754b4e539b,c59fc43c527610ae18d7596eb191817ce674cb29,COMPRESS-379,https://issues.apache.org/jira/browse/COMPRESS-379,4.0.0,JVM17-Pack200
43,12edac73ec454bfbdd634af474e140cca7522774,d75b89856ef29bbec6784cd6aa714eafe0eeb312,COMPRESS-394,https://issues.apache.org/jira/browse/COMPRESS-394,4.0.0,JVM17-Pack200
44,b53ead4b43c6c248b1a39f4a1cce7a0c4062285d,6f379134ae1807cd404ed6c9579707e5dc6a6df0,COMPRESS-412,https://issues.apache.org/jira/browse/COMPRESS-412,4.0.0,JVM17-Pack200
45,137aa57f9291b5f390de740266042587cfede7ce,02735ad7e6313515a846bc15bcc89cf254f8161f,COMPRESS-411,https://issues.apache.org/jira/browse/COMPRESS-411,4.0.0,JVM17-Pack200
46,d0595b7121f57f1f49fe7fdc384479dd73ad64f5,cd1d329dba95dae161317c123269c24282001a66,COMPRESS-416,https://issues.apache.org/jira/browse/COMPRESS-416,4.0.0,JVM17-Pack200
47,a12adc3627ae39baecd132906c05484fee40efe8,c66db899cb061c79934986f0efa19a50ca33703f,COMPRESS-436,https://issues.apache.org/jira/browse/COMPRESS-436,4.0.0,JVM17-Pack200
