9a62b06be5d0df8e833ff8583398cca386608cac,src/main/java,src/test/java
8612f9e5b88c1bea933ef9ab1e431f5db3006b48,src/main/java,src/test/java
8d109fe1a999a11b4557536dd96f9210460a5936,src/main/java,src/test/java
3ba9ba799b3261b7332a467a88be142c83b298fd,src/main/java,src/test/java
bcb044669b4d1f8d334861ccbd169924d6ef3b54,src/main/java,src/test/java
a6cb59ed2280ab0a32995fa8b5f1a7b0d47cb815,src/main/java,src/test/java
a38b5e0c620a4a4dc310d35105e3e432c4e91fc3,src/main/java,src/test/java
28aeba952e838fb12c9b934ce6ef65658e45d7b2,src/main/java,src/test/java
91b1ba4ed42ca0b345370ea3cc0ddcdb33781c6d,src/main/java,src/test/java
1adb1e69863dcd1ff282692bf1452c422528eeb9,src/main/java,src/test/java
6bf5bba0f77f3023dec23a1de6e0a8cef8585f61,src/main/java,src/test/java
362ed1787724cda3ded37de2b0aa0f13adf0a66e,src/main/java,src/test/java
96f586cb8dac7eee62e9be519a3eab125c47bb23,src/main/java,src/test/java
08a3a0b969b1e5d1d06489a698fe9c9b69e2f2d9,src/main/java,src/test/java
3a413d7844c22dc6ddd50bf5d0d55ff3589e47ac,src/main/java,src/test/java
efce99164f0bbd2c70e7f9d71884a32473e02c6d,src/main/java,src/test/java
57eb4cbb9044771cd46a9eee0c62016618930226,src/main/java,src/test/java
6d5104753470c130336e319a64009c0553b29c96,src/main/java,src/test/java
77a6b3a44da7ae4af62e88b4b27eeefec2d768c2,src/main/java,src/test/java
f2f9c8146446eff341dc7b66b5237b56d50abec0,src/main/java,src/test/java
5d08a1cdbfa6ce86a0baf637493c464e91e91968,src/main/java,src/test/java
6a1b24c5d85270b57706b3f7ca0b4c05a752b3ff,src/main/java,src/test/java
2ea856328ed5710537778d755a5ff52a6831a2ee,src/main/java,src/test/java
cc3262ff42e41f3b1f64290262704da3895fbe85,src/main/java,src/test/java
0cefc4c212e92e5dccdfa658785c419483317558,src/main/java,src/test/java
383354adc669c3fd8d9e6fe3a25403df993e11e7,src/main/java,src/test/java
706513d59425e7a9dc6bdb972f25b03b02e48558,src/main/java,src/test/java
dba7c37ea3d83b32779d3bb13cb184aedf761a8a,src/main/java,src/test/java
a8913f5ad5dfde59263c981c9e9eb28e43fd2e00,src/main/java,src/test/java
cdeacf09e33ddbaf75a4563d7bc62063f50972b1,src/main/java,src/test/java
b609d7d66d180f2eb537b27f5d605d0596e096ce,src/main/java,src/test/java
e16eb72a29d06ce36030b109156bea3244273fb8,src/main/java,src/test/java
82c5e4f9550e4df36e07b66f35f7c3e9d7eb5eba,src/main/java,src/test/java
a92450e88df85d6b7a0fa53517da46286c24f53f,src/main/java,src/test/java
17a60c9a7253d9a8fce6afe2ce46bea78ac53ebe,src/main/java,src/test/java
0973b46039c4db0be3a969d36c220dee1e1fb4da,src/main/java,src/test/java
c5a5190e19c062405ae4825c36e2172ae64202fb,src/main/java,src/test/java
57c8aaf94b95323c295dcfec5f40f181846164e7,src/main/java,src/test/java
14dedcbc04682c1b1b6c5ebe91bc930b79eeb572,src/main/java,src/test/java
bfd37a81dd7f4c9e35340f3de0b5b1e8066a141b,src/main/java,src/test/java
d50efdf75a8daeced88d79b168f68d189fb87e13,src/main/java,src/test/java
c3bec2cd4eea2e87c650f5ad9b537dddb804778c,src/main/java,src/test/java
552be4b677ec30a34d04d234395ba1a8c7beaacf,src/main/java,src/test/java
c7a581e55fc988bd90fa4bb1b0acece5181b7c5f,src/main/java,src/test/java
218a7fe91a685e089ab8fd7700806f7a6083f18d,src/main/java,src/test/java
e0559c503f65641b9546c37e7c84c866caf37e66,src/main/java,src/test/java
d090b642dc04259286d3478cfa49f1da2f0755e6,src/main/java,src/test/java
