e4061af10d0f6e7736693f09c8af66296bfbaed8,src/main/java,src/test/java
8c2747de69595a3fab6970f093066b696de105c8,src/main/java,src/test/java
26894d0dcf9317aff005797bf58e1ee05809366e,src/main/java,src/test/java
ad28e352b60c5b50e13b7535fe003aa1afc7d1a6,src/main/java,src/test/java
a9e5c9f99bcc16d734251f682758004a3ecc3a1b,src/main/java,src/test/java
b40ac81d4a81736e2b7536b14db4ad070b598d2e,src/main/java,src/test/java
a12195ac3a14f30d1225d2248bf2532c95db08de,src/main/java,src/test/java
a18813780070fe90209a8f81a1aac05e6aa28ce6,src/main/java,src/test/java
9a61726c8a9895beb77bf60e45b8d3fd8addf229,src/main/java,src/test/java
098ece8564ed5d37f483c3bfb45be897ed8974cd,src/main/java,src/test/java
38d6e35d1f1a9b48193804925517500de8efee1f,src/main/java,src/test/java
7ee38785ecdd2f5a56a41302d4482675ce0d7e68,src/main/java,src/test/java
911cca0254267decd90a4b6a9c0610549309a451,src/main/java,src/test/java
12ad423436c7bf55d96c84d57aa41a9dfeb5f55f,src/main/java,src/test/java
4ceaba85f15f3baac5be7e8697a110194548a126,src/main/java,src/test/java
7317dc95b0c9d09b94f37c8ae3a48de8b37729cc,src/main/java,src/test/java
3baa7d6742f7460bfb0af8edf48bf1575658109a,src/main/java,src/test/java
bfdc2852923f671452c66ddf261c87e7e2e5b497,src/main/java,src/test/java
0d9cd9fa434c0070638332b7f2243af0277461eb,src/main/java,src/test/java
d99951470163764b3e01a119dab2822e5fd98204,src/main/java,src/test/java
dcff4e9fa0dcc5cdadc61b65f2f001722d6a0b92,src/main/java,src/test/java
3dcedd2b6838ef29abb179557b6e42479e93834b,src/main/java,src/test/java
b0ceb4eeb69f20f0e4242736ae3e19ed2b9c5da3,src/main/java,src/test/java
5cddffa133e7de41fa9efb5962cf3d0cff9b3e89,src/main/java,src/test/java
ac6d8e22847c19b2695cbd7d1f418e07a9a3dbb2,src/main/java,src/test/java
11f0b4090937b2aa998734aa2bf032ee8c428e84,src/main/java,src/test/java
4b041e97686325afb2341ea009eb005e0b42d112,src/main/java,src/test/java
698f3a73d4e20594357e10fc7bb5db57bb8f7780,src/main/java,src/test/java
b895aaf507927798e72208ea086f21bbfb82afc2,src/main/java,src/test/java
8891c0cd047c24f8c3cd8c8eebcd0fb1c562eb0c,src/main/java,src/test/java
1218c852d6690c9c38117658b66cc6b6a55473e4,src/main/java,src/test/java
f93c9c8d390706abd2ebcda367c460f5368b12db,src/main/java,src/test/java
a71a00e595f87a8eb4a58778e21cf8dab788eb04,src/main/java,src/test/java
c2823b4de28120d86aeba9215f0231d990a8eb47,src/main/java,src/test/java
6f496e7a104700250ad0fa567c7338618f797438,src/main/java,src/test/java
cfeaed0a935b3901c1fbccaf979efbac4a819d6d,src/main/java,src/test/java
7ca3d1cb6f1317863b5b04a1b0a7bac2aee5eefd,src/main/java,src/test/java
be4386724ff18232aff492cb9145288df86ea61c,src/main/java,src/test/java
603179e952c310a1a9c68f073bede72e16e7294b,src/main/java,src/test/java
186a6395d9976b1dedb15478e230bf72a988e07d,src/main/java,src/test/java
98df182bde0b86157ad1275e70a5d0ccc6dd5885,src/main/java,src/test/java
5f04c20030a3299de128f568e567edeb9da2c46a,src/main/java,src/test/java
329756ddac44143d1dcbe9f8ac82e9ca0a74b6ce,src/main/java,src/test/java
4195e6ebd59b9dac4065a1eb090d4343c2f61965,src/main/java,src/test/java
8d200d4ac45a37d4fba68064961b0c68d0f076b2,src/main/java,src/test/java
fede6c9df74d370f2e728b5c46e14bd570abb83c,src/main/java,src/test/java
b52647ccf5e00c977eb7167a78f064f2c115487a,src/main/java,src/test/java
ff4c4f8e83c7367e9f368bcdc155dc8a7da39492,src/main/java,src/test/java
b82ae56e53f3d6dda8a750304de2dbe365c41030,src/main/java,src/test/java
858568c58bfd2f91acbcea082a955964da29494e,src/main/java,src/test/java
350bb8f1d2727defbf75d5de38df694857505688,src/main/java,src/test/java
d58d420f116e854bfd7b155cc1aed4e32939e1da,src/main/java,src/test/java
383f63242c59628d7bcef15a73eb1c9d44d7fb56,src/main/java,src/test/java
3c2c9610b6c76e2b348eb057d0a8268681d573a6,src/main/java,src/test/java
8244a56981bf09ecf518994f705671d959404666,src/main/java,src/test/java
38e03e64f1215367ac06d175094b5f7e04e19695,src/main/java,src/test/java
df96e221d14616b532e45657d584d2fc4b42df03,src/main/java,src/test/java
ecf088c391de0deb5a4297e51e9ce960b3924e09,src/main/java,src/test/java
4bace84f2bf6acf0773623ea557b8179df3f6fd8,src/main/java,src/test/java
bf9a4904cd9eb94cc904433a745bf9b5bb835307,src/main/java,src/test/java
5fddcff5705fcba6fa1feb8bcf762d6e930d077d,src/main/java,src/test/java
792de08c272a1db3f677bb75eaa4478110d9dff5,src/main/java,src/test/java
4601785ebbfe44dfdd40f55405cfdab544e58586,src/main/java,src/test/java
e052c319eccd6086c28fa5371807d887ebe302cf,src/main/java,src/test/java
d32c85f8081f96d0cccbc9193407601fec95d406,src/main/java,src/test/java
554f8db0f940b2a53f974852a2af194739d65200,src/main/java,src/test/java
956e0ce3e982947385a71f3e64748a2a6404cb4f,src/main/java,src/test/java
96642978dcf1b69cba68ec72cb2f652d59a8b5be,src/main/java,src/test/java
930edea65e6382c0158876ad773ab1d87f67e5dd,src/main/java,src/test/java
345cad5b2f4c06a1bcc6794311a31226e9f2bce7,src/main/java,src/test/java
1a5c3655e2b1646c2b68bb40c99f7a7e62fa958a,src/main/java,src/test/java
fa64390b1bd5f1435daa9d2b17a58594cfb22817,src/main/java,src/test/java
59bb9f7a1b81d9dcb2e52acedc2ea5eefaff4c48,src/main/java,src/test/java
ab9b00a92ee483692c940a541de0a3abd443fa6e,src/main/java,src/test/java
7e57c55416e24e4d45f47791d6478cc0a4211271,src/main/java,src/test/java
f008130af639c3ce4b411bfbebebf5456acfd45c,src/main/java,src/test/java
ecc374d1cf7ab605a82afb32b8963e707107da88,src/main/java,src/test/java
2da8d72e8969064e2bb90599e9f8bbd42beccb12,src/main/java,src/test/java
f42556388bb8ad547a55e4ee7cfb52a99f670186,src/main/java,src/test/java
340f812faf089bc17b5253ef73c51d6a570a2fc5,src/main/java,src/test/java
e5d0473e9480edc1a77597fe6260ab1223b45331,src/main/java,src/test/java
7f31d4124def652ce6c7ffff23854342de8c6e3b,src/main/java,src/test/java
cc91245d85ac59106181127941220e8033997b07,src/main/java,src/test/java
82e85a844d2a946108478d58444d219aa3ff234a,src/main/java,src/test/java
8296172c76c43edfb9831eac7fc012e4a32806ad,src/main/java,src/test/java
96faf2ecd985dfc838e2bf6f6ae4d9d4b310861b,src/main/java,src/test/java
5bc50c5852fbb1df5aa7166ea21a7f8e346ee82b,src/main/java,src/test/java
cc1a84ad351c5e5162afd85e14fed48f88753b05,src/main/java,src/test/java
74564bfb7ca768067b5554dc7c4373f43b8be94b,src/main/java,src/test/java
6feec20c842586056aa5b19c402b26be08c88ca3,src/main/java,src/test/java
102a23e182a74d6089658d90cc9881b5025cec49,src/main/java,src/test/java
0ce64809707ed2cfc802a9098ace3a23694d1e0e,src/main/java,src/test/java
96633b7f3715788e608273117a3831ac5ab972f6,src/main/java,src/test/java
bec821b8eadc8130240f942242f1d56f450de24f,src/main/java,src/test/java
bf550f3165e37029966b46d8514753a770cdeec2,src/main/java,src/test/java
ce9b996d2edbbe7243d3789dcef442cb15872e8a,src/main/java,src/test/java
dbb9216366a16b5a8d36325ead0ef414a62fda07,src/main/java,src/test/java
f91e8b4fff363ca5ed9b42a841d26f8a3ff416fc,src/main/java,src/test/java
32dcb70d4363ea32f664dbfc528531bc70c18fa6,src/main/java,src/test/java
6eb76dcf0af67bdb6af71eb2db45d6cde30c3ddb,src/main/java,src/test/java
7e89cfe4d854e5c1b00d6f01b3790ba2d3c9738a,src/main/java,src/test/java
a24507ee4befad5f3232422bdfc37f7cebc17a72,src/main/java,src/test/java
28aec408a6a56e8199fcef7679ea13a73b7e1331,src/main/java,src/test/java
dc5c82e4af87577ac1b540b3f7e9279159185278,src/main/java,src/test/java
157f2c490003c7494af8ecb7d57880cda1fde736,src/main/java,src/test/java
90cb8741f788e8f8bd11dbbc53ac25cd61feba91,src/main/java,src/test/java
257ec524f1cf1bd7efff0980faae9be5708f19d0,src/main/java,src/test/java
4427116871c623f9f8f274de5870bb9995bfd66b,src/main/java,src/test/java
04bba3935bea698926ee77312826ca47931fd5a4,src/main/java,src/test/java
35f3ab4d0512edc2d1ce13a7f43cd75b3c63c797,src/main/java,src/test/java
c4dd84e4d505baa90d8d1675c1f60f8d6ce90db8,src/main/java,src/test/java
3d3dedc656e331ab1a9e28efcde96bf71c347daa,src/main/java,src/test/java
ad47c206f4fbf22f439f3d66871757891f549f6a,src/main/java,src/test/java
233640bc97d4afe32d34ad2f335098045835cef9,src/main/java,src/test/java
951d073abb2baa79dd9de43a32dd5971d1106f6a,src/main/java,src/test/java
43fff9f5cb588c83a91fec7cff7f5fcb54e7e307,src/main/java,src/test/java
eb477b85f74a2a1250ba6294cf4086d496830e27,src/main/java,src/test/java
d83ce8aec99f4e99afdf8fd172d77ce771f8ea35,src/main/java,src/test/java
